month,region_id,channel,spend
2022-01-01,1,Paid Search,28648.16
2022-01-01,1,Social,15339.36
2022-01-01,1,Email,10773.52
2022-01-01,1,Affiliate,23503.12
2022-01-01,2,Paid Search,14449.53
2022-01-01,2,Social,27608.62
2022-01-01,2,Email,28933.12
2022-01-01,2,Affiliate,34404.69
2022-01-01,3,Paid Search,22105.4
2022-01-01,3,Social,39214.28
2022-01-01,3,Email,29141.94
2022-01-01,3,Affiliate,15712.81
2022-01-01,4,Paid Search,8162.42
2022-01-01,4,Social,32709.41
2022-01-01,4,Email,17135.32
2022-01-01,4,Affiliate,22373.86
2022-01-01,5,Paid Search,29047.11
2022-01-01,5,Social,13456.12
2022-01-01,5,Email,25711.93
2022-01-01,5,Affiliate,19791.82
2022-01-01,6,Paid Search,33730.17
2022-01-01,6,Social,13723.17
2022-01-01,6,Email,20071.94
2022-01-01,6,Affiliate,22395.62
2022-01-01,7,Paid Search,31914.19
2022-01-01,7,Social,26977.16
2022-01-01,7,Email,27094.26
2022-01-01,7,Affiliate,25824.1
2022-01-01,8,Paid Search,19306.03
2022-01-01,8,Social,23141.5
2022-01-01,8,Email,23849.54
2022-01-01,8,Affiliate,35939.16
2022-01-01,9,Paid Search,25508.57
2022-01-01,9,Social,14908.81
2022-01-01,9,Email,36729.63
2022-01-01,9,Affiliate,22495.55
2022-01-01,10,Paid Search,24334.38
2022-01-01,10,Social,35499.28
2022-01-01,10,Email,20698.42
2022-01-01,10,Affiliate,35634.83
2022-01-01,11,Paid Search,25961.21
2022-01-01,11,Social,24835.8
2022-01-01,11,Email,19303.83
2022-01-01,11,Affiliate,33313.3
2022-01-01,12,Paid Search,35528.99
2022-01-01,12,Social,16524.14
2022-01-01,12,Email,24115.52
2022-01-01,12,Affiliate,26287.7
2022-02-01,1,Paid Search,28135.92
2022-02-01,1,Social,34260.73
2022-02-01,1,Email,22628.7
2022-02-01,1,Affiliate,12427.18
2022-02-01,2,Paid Search,9552.03
2022-02-01,2,Social,31405.02
2022-02-01,2,Email,22864.39
2022-02-01,2,Affiliate,5986.27
2022-02-01,3,Paid Search,16912.35
2022-02-01,3,Social,24792.21
2022-02-01,3,Email,34926.67
2022-02-01,3,Affiliate,20276.0
2022-02-01,4,Paid Search,28162.55
2022-02-01,4,Social,30229.64
2022-02-01,4,Email,11016.56
2022-02-01,4,Affiliate,35119.28
2022-02-01,5,Paid Search,12299.25
2022-02-01,5,Social,22404.08
2022-02-01,5,Email,11312.2
2022-02-01,5,Affiliate,32171.61
2022-02-01,6,Paid Search,17877.06
2022-02-01,6,Social,17048.84
2022-02-01,6,Email,30020.16
2022-02-01,6,Affiliate,20674.81
2022-02-01,7,Paid Search,23397.75
2022-02-01,7,Social,34199.42
2022-02-01,7,Email,15628.42
2022-02-01,7,Affiliate,36933.96
2022-02-01,8,Paid Search,19890.09
2022-02-01,8,Social,27688.0
2022-02-01,8,Email,14120.26
2022-02-01,8,Affiliate,38535.6
2022-02-01,9,Paid Search,30388.86
2022-02-01,9,Social,18197.09
2022-02-01,9,Email,27561.04
2022-02-01,9,Affiliate,27363.73
2022-02-01,10,Paid Search,34825.37
2022-02-01,10,Social,18764.3
2022-02-01,10,Email,24737.98
2022-02-01,10,Affiliate,21813.22
2022-02-01,11,Paid Search,8264.64
2022-02-01,11,Social,23623.8
2022-02-01,11,Email,18452.54
2022-02-01,11,Affiliate,19391.37
2022-02-01,12,Paid Search,17653.78
2022-02-01,12,Social,8669.14
2022-02-01,12,Email,19059.95
2022-02-01,12,Affiliate,24601.04
2022-03-01,1,Paid Search,22083.6
2022-03-01,1,Social,16486.76
2022-03-01,1,Email,5966.65
2022-03-01,1,Affiliate,17935.65
2022-03-01,2,Paid Search,24399.7
2022-03-01,2,Social,15077.68
2022-03-01,2,Email,21151.79
2022-03-01,2,Affiliate,32149.65
2022-03-01,3,Paid Search,22889.22
2022-03-01,3,Social,18247.72
2022-03-01,3,Email,29753.59
2022-03-01,3,Affiliate,38602.51
2022-03-01,4,Paid Search,28060.06
2022-03-01,4,Social,27419.09
2022-03-01,4,Email,15881.45
2022-03-01,4,Affiliate,17342.49
2022-03-01,5,Paid Search,36749.73
2022-03-01,5,Social,27533.67
2022-03-01,5,Email,15207.02
2022-03-01,5,Affiliate,32631.88
2022-03-01,6,Paid Search,19428.17
2022-03-01,6,Social,32471.45
2022-03-01,6,Email,36194.87
2022-03-01,6,Affiliate,14479.92
2022-03-01,7,Paid Search,25638.94
2022-03-01,7,Social,27262.46
2022-03-01,7,Email,17389.39
2022-03-01,7,Affiliate,18656.44
2022-03-01,8,Paid Search,19891.23
2022-03-01,8,Social,24577.11
2022-03-01,8,Email,13735.12
2022-03-01,8,Affiliate,26120.51
2022-03-01,9,Paid Search,26486.55
2022-03-01,9,Social,21914.27
2022-03-01,9,Email,11454.44
2022-03-01,9,Affiliate,32205.15
2022-03-01,10,Paid Search,36324.85
2022-03-01,10,Social,24500.07
2022-03-01,10,Email,19524.67
2022-03-01,10,Affiliate,21257.45
2022-03-01,11,Paid Search,26797.36
2022-03-01,11,Social,22387.76
2022-03-01,11,Email,20749.72
2022-03-01,11,Affiliate,10036.92
2022-03-01,12,Paid Search,20619.95
2022-03-01,12,Social,27616.73
2022-03-01,12,Email,12926.93
2022-03-01,12,Affiliate,24517.19
2022-04-01,1,Paid Search,22992.81
2022-04-01,1,Social,20240.86
2022-04-01,1,Email,23319.23
2022-04-01,1,Affiliate,23921.06
2022-04-01,2,Paid Search,11799.29
2022-04-01,2,Social,32319.47
2022-04-01,2,Email,16648.75
2022-04-01,2,Affiliate,27181.1
2022-04-01,3,Paid Search,16108.53
2022-04-01,3,Social,27101.59
2022-04-01,3,Email,37257.0
2022-04-01,3,Affiliate,12664.58
2022-04-01,4,Paid Search,19478.47
2022-04-01,4,Social,18142.44
2022-04-01,4,Email,30696.97
2022-04-01,4,Affiliate,21795.21
2022-04-01,5,Paid Search,13496.2
2022-04-01,5,Social,18809.43
2022-04-01,5,Email,20242.21
2022-04-01,5,Affiliate,20562.93
2022-04-01,6,Paid Search,25850.55
2022-04-01,6,Social,32324.59
2022-04-01,6,Email,33639.01
2022-04-01,6,Affiliate,28590.21
2022-04-01,7,Paid Search,18137.17
2022-04-01,7,Social,21575.28
2022-04-01,7,Email,24206.42
2022-04-01,7,Affiliate,27946.78
2022-04-01,8,Paid Search,33173.0
2022-04-01,8,Social,21713.14
2022-04-01,8,Email,33234.84
2022-04-01,8,Affiliate,25767.56
2022-04-01,9,Paid Search,22138.52
2022-04-01,9,Social,17808.98
2022-04-01,9,Email,22448.75
2022-04-01,9,Affiliate,30432.25
2022-04-01,10,Paid Search,17708.75
2022-04-01,10,Social,15061.85
2022-04-01,10,Email,24571.65
2022-04-01,10,Affiliate,10285.27
2022-04-01,11,Paid Search,27372.74
2022-04-01,11,Social,13313.52
2022-04-01,11,Email,28067.23
2022-04-01,11,Affiliate,21999.47
2022-04-01,12,Paid Search,35101.93
2022-04-01,12,Social,26724.24
2022-04-01,12,Email,31149.51
2022-04-01,12,Affiliate,20253.19
2022-05-01,1,Paid Search,11633.68
2022-05-01,1,Social,18188.78
2022-05-01,1,Email,29292.9
2022-05-01,1,Affiliate,15936.57
2022-05-01,2,Paid Search,28781.31
2022-05-01,2,Social,23865.95
2022-05-01,2,Email,18316.48
2022-05-01,2,Affiliate,33370.16
2022-05-01,3,Paid Search,28574.37
2022-05-01,3,Social,23373.09
2022-05-01,3,Email,30894.75
2022-05-01,3,Affiliate,19910.07
2022-05-01,4,Paid Search,29991.15
2022-05-01,4,Social,28103.43
2022-05-01,4,Email,24106.05
2022-05-01,4,Affiliate,20691.56
2022-05-01,5,Paid Search,23747.32
2022-05-01,5,Social,34712.7
2022-05-01,5,Email,26937.55
2022-05-01,5,Affiliate,20989.97
2022-05-01,6,Paid Search,34523.44
2022-05-01,6,Social,27330.38
2022-05-01,6,Email,36126.26
2022-05-01,6,Affiliate,23800.9
2022-05-01,7,Paid Search,32101.11
2022-05-01,7,Social,29418.99
2022-05-01,7,Email,18346.59
2022-05-01,7,Affiliate,26918.89
2022-05-01,8,Paid Search,26709.06
2022-05-01,8,Social,24986.78
2022-05-01,8,Email,26059.09
2022-05-01,8,Affiliate,24149.18
2022-05-01,9,Paid Search,14285.41
2022-05-01,9,Social,11231.86
2022-05-01,9,Email,31504.72
2022-05-01,9,Affiliate,15824.58
2022-05-01,10,Paid Search,26678.62
2022-05-01,10,Social,27174.8
2022-05-01,10,Email,18496.37
2022-05-01,10,Affiliate,32136.85
2022-05-01,11,Paid Search,23031.08
2022-05-01,11,Social,27528.83
2022-05-01,11,Email,21062.48
2022-05-01,11,Affiliate,33746.14
2022-05-01,12,Paid Search,11836.77
2022-05-01,12,Social,24285.09
2022-05-01,12,Email,24587.67
2022-05-01,12,Affiliate,15821.42
2022-06-01,1,Paid Search,18167.77
2022-06-01,1,Social,27053.05
2022-06-01,1,Email,19323.65
2022-06-01,1,Affiliate,15833.21
2022-06-01,2,Paid Search,26982.52
2022-06-01,2,Social,22141.62
2022-06-01,2,Email,34364.19
2022-06-01,2,Affiliate,18810.6
2022-06-01,3,Paid Search,28168.17
2022-06-01,3,Social,35603.29
2022-06-01,3,Email,18711.17
2022-06-01,3,Affiliate,19705.77
2022-06-01,4,Paid Search,19205.69
2022-06-01,4,Social,25914.95
2022-06-01,4,Email,18499.92
2022-06-01,4,Affiliate,22343.52
2022-06-01,5,Paid Search,7283.65
2022-06-01,5,Social,15442.13
2022-06-01,5,Email,14521.87
2022-06-01,5,Affiliate,30923.32
2022-06-01,6,Paid Search,22642.88
2022-06-01,6,Social,25692.83
2022-06-01,6,Email,19319.03
2022-06-01,6,Affiliate,12047.66
2022-06-01,7,Paid Search,26110.38
2022-06-01,7,Social,20994.46
2022-06-01,7,Email,32807.63
2022-06-01,7,Affiliate,25906.67
2022-06-01,8,Paid Search,30180.59
2022-06-01,8,Social,17528.39
2022-06-01,8,Email,8778.99
2022-06-01,8,Affiliate,12165.33
2022-06-01,9,Paid Search,35939.93
2022-06-01,9,Social,18717.35
2022-06-01,9,Email,25054.38
2022-06-01,9,Affiliate,24401.71
2022-06-01,10,Paid Search,19982.84
2022-06-01,10,Social,26890.47
2022-06-01,10,Email,15110.02
2022-06-01,10,Affiliate,12793.85
2022-06-01,11,Paid Search,36472.62
2022-06-01,11,Social,13934.19
2022-06-01,11,Email,15698.32
2022-06-01,11,Affiliate,22039.95
2022-06-01,12,Paid Search,14464.79
2022-06-01,12,Social,21226.84
2022-06-01,12,Email,14776.17
2022-06-01,12,Affiliate,26046.8
2022-07-01,1,Paid Search,24691.64
2022-07-01,1,Social,17571.48
2022-07-01,1,Email,19568.56
2022-07-01,1,Affiliate,15547.4
2022-07-01,2,Paid Search,19952.73
2022-07-01,2,Social,4536.29
2022-07-01,2,Email,20816.98
2022-07-01,2,Affiliate,17479.0
2022-07-01,3,Paid Search,26465.03
2022-07-01,3,Social,10287.07
2022-07-01,3,Email,26315.89
2022-07-01,3,Affiliate,24184.98
2022-07-01,4,Paid Search,40185.0
2022-07-01,4,Social,16928.74
2022-07-01,4,Email,20539.23
2022-07-01,4,Affiliate,19880.87
2022-07-01,5,Paid Search,38484.65
2022-07-01,5,Social,17939.51
2022-07-01,5,Email,15345.59
2022-07-01,5,Affiliate,24448.32
2022-07-01,6,Paid Search,25154.7
2022-07-01,6,Social,25653.73
2022-07-01,6,Email,27003.37
2022-07-01,6,Affiliate,25538.33
2022-07-01,7,Paid Search,16888.47
2022-07-01,7,Social,27880.88
2022-07-01,7,Email,5061.25
2022-07-01,7,Affiliate,14980.19
2022-07-01,8,Paid Search,32357.38
2022-07-01,8,Social,33777.73
2022-07-01,8,Email,21010.65
2022-07-01,8,Affiliate,35220.02
2022-07-01,9,Paid Search,15688.04
2022-07-01,9,Social,25893.13
2022-07-01,9,Email,28815.53
2022-07-01,9,Affiliate,10729.41
2022-07-01,10,Paid Search,26346.15
2022-07-01,10,Social,17169.31
2022-07-01,10,Email,32746.62
2022-07-01,10,Affiliate,33874.41
2022-07-01,11,Paid Search,28561.87
2022-07-01,11,Social,30111.45
2022-07-01,11,Email,28905.54
2022-07-01,11,Affiliate,9940.45
2022-07-01,12,Paid Search,24071.04
2022-07-01,12,Social,23696.62
2022-07-01,12,Email,31288.71
2022-07-01,12,Affiliate,21345.74
2022-08-01,1,Paid Search,30104.89
2022-08-01,1,Social,23842.27
2022-08-01,1,Email,29646.28
2022-08-01,1,Affiliate,30633.31
2022-08-01,2,Paid Search,23303.77
2022-08-01,2,Social,23730.48
2022-08-01,2,Email,25583.71
2022-08-01,2,Affiliate,22331.1
2022-08-01,3,Paid Search,29274.85
2022-08-01,3,Social,28094.98
2022-08-01,3,Email,17940.96
2022-08-01,3,Affiliate,15973.88
2022-08-01,4,Paid Search,19102.68
2022-08-01,4,Social,17511.02
2022-08-01,4,Email,46824.18
2022-08-01,4,Affiliate,16157.58
2022-08-01,5,Paid Search,12556.93
2022-08-01,5,Social,22573.91
2022-08-01,5,Email,40685.46
2022-08-01,5,Affiliate,27653.15
2022-08-01,6,Paid Search,31992.5
2022-08-01,6,Social,25222.39
2022-08-01,6,Email,28362.44
2022-08-01,6,Affiliate,14258.38
2022-08-01,7,Paid Search,39895.91
2022-08-01,7,Social,14095.34
2022-08-01,7,Email,20507.26
2022-08-01,7,Affiliate,11260.39
2022-08-01,8,Paid Search,31087.31
2022-08-01,8,Social,31201.34
2022-08-01,8,Email,27567.42
2022-08-01,8,Affiliate,30258.59
2022-08-01,9,Paid Search,32582.24
2022-08-01,9,Social,28267.76
2022-08-01,9,Email,20232.28
2022-08-01,9,Affiliate,24992.99
2022-08-01,10,Paid Search,17595.14
2022-08-01,10,Social,28647.34
2022-08-01,10,Email,37278.62
2022-08-01,10,Affiliate,26524.44
2022-08-01,11,Paid Search,17737.93
2022-08-01,11,Social,26064.25
2022-08-01,11,Email,23347.63
2022-08-01,11,Affiliate,14607.59
2022-08-01,12,Paid Search,30873.92
2022-08-01,12,Social,24681.6
2022-08-01,12,Email,13060.15
2022-08-01,12,Affiliate,27809.5
2022-09-01,1,Paid Search,4850.33
2022-09-01,1,Social,31124.29
2022-09-01,1,Email,7868.21
2022-09-01,1,Affiliate,23819.98
2022-09-01,2,Paid Search,32348.12
2022-09-01,2,Social,26278.61
2022-09-01,2,Email,19019.38
2022-09-01,2,Affiliate,23955.58
2022-09-01,3,Paid Search,17954.77
2022-09-01,3,Social,31224.44
2022-09-01,3,Email,16522.02
2022-09-01,3,Affiliate,26418.4
2022-09-01,4,Paid Search,14285.13
2022-09-01,4,Social,28969.96
2022-09-01,4,Email,30156.05
2022-09-01,4,Affiliate,22621.04
2022-09-01,5,Paid Search,34687.05
2022-09-01,5,Social,19040.83
2022-09-01,5,Email,36278.83
2022-09-01,5,Affiliate,31139.55
2022-09-01,6,Paid Search,25862.84
2022-09-01,6,Social,24114.89
2022-09-01,6,Email,37341.02
2022-09-01,6,Affiliate,21818.7
2022-09-01,7,Paid Search,26625.83
2022-09-01,7,Social,21839.7
2022-09-01,7,Email,24632.91
2022-09-01,7,Affiliate,20200.24
2022-09-01,8,Paid Search,27413.3
2022-09-01,8,Social,24870.85
2022-09-01,8,Email,24649.63
2022-09-01,8,Affiliate,23191.77
2022-09-01,9,Paid Search,19251.4
2022-09-01,9,Social,29903.34
2022-09-01,9,Email,19045.4
2022-09-01,9,Affiliate,14014.96
2022-09-01,10,Paid Search,38036.08
2022-09-01,10,Social,24572.53
2022-09-01,10,Email,19449.57
2022-09-01,10,Affiliate,26267.22
2022-09-01,11,Paid Search,23505.09
2022-09-01,11,Social,33658.37
2022-09-01,11,Email,32024.31
2022-09-01,11,Affiliate,21799.77
2022-09-01,12,Paid Search,21918.81
2022-09-01,12,Social,32735.87
2022-09-01,12,Email,25806.74
2022-09-01,12,Affiliate,39779.14
2022-10-01,1,Paid Search,23755.03
2022-10-01,1,Social,28189.87
2022-10-01,1,Email,19928.81
2022-10-01,1,Affiliate,22799.58
2022-10-01,2,Paid Search,19274.97
2022-10-01,2,Social,24143.81
2022-10-01,2,Email,17314.0
2022-10-01,2,Affiliate,4914.5
2022-10-01,3,Paid Search,30985.81
2022-10-01,3,Social,25310.78
2022-10-01,3,Email,22533.98
2022-10-01,3,Affiliate,29833.69
2022-10-01,4,Paid Search,23980.2
2022-10-01,4,Social,4000.0
2022-10-01,4,Email,22218.7
2022-10-01,4,Affiliate,18771.9
2022-10-01,5,Paid Search,23073.75
2022-10-01,5,Social,37261.75
2022-10-01,5,Email,25797.16
2022-10-01,5,Affiliate,23676.8
2022-10-01,6,Paid Search,20769.81
2022-10-01,6,Social,22292.67
2022-10-01,6,Email,26050.13
2022-10-01,6,Affiliate,25535.35
2022-10-01,7,Paid Search,15723.42
2022-10-01,7,Social,18457.81
2022-10-01,7,Email,20607.75
2022-10-01,7,Affiliate,29476.19
2022-10-01,8,Paid Search,27380.45
2022-10-01,8,Social,40381.43
2022-10-01,8,Email,14659.71
2022-10-01,8,Affiliate,22614.55
2022-10-01,9,Paid Search,10837.14
2022-10-01,9,Social,11009.32
2022-10-01,9,Email,30950.36
2022-10-01,9,Affiliate,28634.42
2022-10-01,10,Paid Search,31385.33
2022-10-01,10,Social,24667.69
2022-10-01,10,Email,20868.27
2022-10-01,10,Affiliate,21844.53
2022-10-01,11,Paid Search,22238.7
2022-10-01,11,Social,27334.24
2022-10-01,11,Email,18337.12
2022-10-01,11,Affiliate,34082.64
2022-10-01,12,Paid Search,21364.1
2022-10-01,12,Social,18889.2
2022-10-01,12,Email,21869.75
2022-10-01,12,Affiliate,14230.47
2022-11-01,1,Paid Search,18687.11
2022-11-01,1,Social,29837.33
2022-11-01,1,Email,26373.19
2022-11-01,1,Affiliate,17932.88
2022-11-01,2,Paid Search,13750.19
2022-11-01,2,Social,28464.09
2022-11-01,2,Email,29811.71
2022-11-01,2,Affiliate,24661.42
2022-11-01,3,Paid Search,25701.46
2022-11-01,3,Social,16374.42
2022-11-01,3,Email,20562.55
2022-11-01,3,Affiliate,27113.94
2022-11-01,4,Paid Search,24371.17
2022-11-01,4,Social,27295.02
2022-11-01,4,Email,24388.64
2022-11-01,4,Affiliate,8725.1
2022-11-01,5,Paid Search,24515.65
2022-11-01,5,Social,25757.8
2022-11-01,5,Email,35386.12
2022-11-01,5,Affiliate,27819.31
2022-11-01,6,Paid Search,24628.12
2022-11-01,6,Social,21577.94
2022-11-01,6,Email,36098.89
2022-11-01,6,Affiliate,24905.94
2022-11-01,7,Paid Search,27608.13
2022-11-01,7,Social,12575.84
2022-11-01,7,Email,19157.79
2022-11-01,7,Affiliate,22464.91
2022-11-01,8,Paid Search,27488.22
2022-11-01,8,Social,7460.61
2022-11-01,8,Email,27935.83
2022-11-01,8,Affiliate,13314.53
2022-11-01,9,Paid Search,28456.55
2022-11-01,9,Social,32841.16
2022-11-01,9,Email,22444.41
2022-11-01,9,Affiliate,28397.97
2022-11-01,10,Paid Search,30368.85
2022-11-01,10,Social,19437.5
2022-11-01,10,Email,31587.59
2022-11-01,10,Affiliate,27227.45
2022-11-01,11,Paid Search,24266.95
2022-11-01,11,Social,30874.7
2022-11-01,11,Email,22821.15
2022-11-01,11,Affiliate,23090.34
2022-11-01,12,Paid Search,29559.66
2022-11-01,12,Social,37032.01
2022-11-01,12,Email,15106.8
2022-11-01,12,Affiliate,22481.4
2022-12-01,1,Paid Search,28166.45
2022-12-01,1,Social,18465.27
2022-12-01,1,Email,31582.22
2022-12-01,1,Affiliate,30022.9
2022-12-01,2,Paid Search,32874.44
2022-12-01,2,Social,33343.77
2022-12-01,2,Email,24692.95
2022-12-01,2,Affiliate,24173.06
2022-12-01,3,Paid Search,20388.36
2022-12-01,3,Social,15155.65
2022-12-01,3,Email,24028.68
2022-12-01,3,Affiliate,20911.9
2022-12-01,4,Paid Search,32405.9
2022-12-01,4,Social,22484.95
2022-12-01,4,Email,27988.09
2022-12-01,4,Affiliate,19214.61
2022-12-01,5,Paid Search,47904.2
2022-12-01,5,Social,34040.7
2022-12-01,5,Email,28138.85
2022-12-01,5,Affiliate,21032.03
2022-12-01,6,Paid Search,13049.21
2022-12-01,6,Social,40316.03
2022-12-01,6,Email,21187.03
2022-12-01,6,Affiliate,15374.65
2022-12-01,7,Paid Search,32132.61
2022-12-01,7,Social,15831.33
2022-12-01,7,Email,17831.89
2022-12-01,7,Affiliate,22272.37
2022-12-01,8,Paid Search,31205.82
2022-12-01,8,Social,40780.33
2022-12-01,8,Email,22803.3
2022-12-01,8,Affiliate,41172.65
2022-12-01,9,Paid Search,32592.71
2022-12-01,9,Social,27529.67
2022-12-01,9,Email,30874.28
2022-12-01,9,Affiliate,22947.32
2022-12-01,10,Paid Search,15905.48
2022-12-01,10,Social,32489.49
2022-12-01,10,Email,37197.83
2022-12-01,10,Affiliate,21395.57
2022-12-01,11,Paid Search,25755.0
2022-12-01,11,Social,28197.74
2022-12-01,11,Email,24588.11
2022-12-01,11,Affiliate,20237.97
2022-12-01,12,Paid Search,38983.76
2022-12-01,12,Social,32395.94
2022-12-01,12,Email,34435.67
2022-12-01,12,Affiliate,19546.1
2023-01-01,1,Paid Search,18610.22
2023-01-01,1,Social,27157.87
2023-01-01,1,Email,18041.2
2023-01-01,1,Affiliate,21710.33
2023-01-01,2,Paid Search,24655.3
2023-01-01,2,Social,12903.92
2023-01-01,2,Email,32950.24
2023-01-01,2,Affiliate,10144.76
2023-01-01,3,Paid Search,22837.85
2023-01-01,3,Social,35718.95
2023-01-01,3,Email,22071.03
2023-01-01,3,Affiliate,23968.05
2023-01-01,4,Paid Search,20300.29
2023-01-01,4,Social,19791.16
2023-01-01,4,Email,22268.62
2023-01-01,4,Affiliate,32684.32
2023-01-01,5,Paid Search,24095.49
2023-01-01,5,Social,27130.48
2023-01-01,5,Email,25669.69
2023-01-01,5,Affiliate,36436.88
2023-01-01,6,Paid Search,25246.1
2023-01-01,6,Social,28736.93
2023-01-01,6,Email,27822.49
2023-01-01,6,Affiliate,16701.12
2023-01-01,7,Paid Search,21881.07
2023-01-01,7,Social,26746.22
2023-01-01,7,Email,24548.4
2023-01-01,7,Affiliate,27819.45
2023-01-01,8,Paid Search,29121.37
2023-01-01,8,Social,20126.08
2023-01-01,8,Email,33948.52
2023-01-01,8,Affiliate,16001.0
2023-01-01,9,Paid Search,13358.16
2023-01-01,9,Social,33902.89
2023-01-01,9,Email,28457.72
2023-01-01,9,Affiliate,17362.98
2023-01-01,10,Paid Search,29322.42
2023-01-01,10,Social,27938.54
2023-01-01,10,Email,16937.26
2023-01-01,10,Affiliate,22494.95
2023-01-01,11,Paid Search,30473.05
2023-01-01,11,Social,15027.78
2023-01-01,11,Email,25083.72
2023-01-01,11,Affiliate,23481.7
2023-01-01,12,Paid Search,6888.4
2023-01-01,12,Social,31694.97
2023-01-01,12,Email,30150.77
2023-01-01,12,Affiliate,15552.21
2023-02-01,1,Paid Search,18208.96
2023-02-01,1,Social,35283.87
2023-02-01,1,Email,31056.49
2023-02-01,1,Affiliate,26965.45
2023-02-01,2,Paid Search,17060.25
2023-02-01,2,Social,35660.07
2023-02-01,2,Email,33634.25
2023-02-01,2,Affiliate,33639.14
2023-02-01,3,Paid Search,29934.09
2023-02-01,3,Social,25576.74
2023-02-01,3,Email,19912.56
2023-02-01,3,Affiliate,14254.1
2023-02-01,4,Paid Search,30887.92
2023-02-01,4,Social,23851.05
2023-02-01,4,Email,27336.81
2023-02-01,4,Affiliate,32225.63
2023-02-01,5,Paid Search,24314.46
2023-02-01,5,Social,27509.82
2023-02-01,5,Email,32717.6
2023-02-01,5,Affiliate,14425.32
2023-02-01,6,Paid Search,30124.79
2023-02-01,6,Social,20680.22
2023-02-01,6,Email,33839.7
2023-02-01,6,Affiliate,11841.74
2023-02-01,7,Paid Search,30896.08
2023-02-01,7,Social,17452.93
2023-02-01,7,Email,13833.3
2023-02-01,7,Affiliate,22595.37
2023-02-01,8,Paid Search,27627.85
2023-02-01,8,Social,31210.45
2023-02-01,8,Email,16358.51
2023-02-01,8,Affiliate,19363.76
2023-02-01,9,Paid Search,27753.79
2023-02-01,9,Social,23882.55
2023-02-01,9,Email,11976.32
2023-02-01,9,Affiliate,37455.83
2023-02-01,10,Paid Search,29708.23
2023-02-01,10,Social,26229.41
2023-02-01,10,Email,32282.02
2023-02-01,10,Affiliate,21122.0
2023-02-01,11,Paid Search,19151.47
2023-02-01,11,Social,10054.82
2023-02-01,11,Email,28054.98
2023-02-01,11,Affiliate,34107.44
2023-02-01,12,Paid Search,24164.36
2023-02-01,12,Social,17496.83
2023-02-01,12,Email,17288.38
2023-02-01,12,Affiliate,28865.53
2023-03-01,1,Paid Search,27881.74
2023-03-01,1,Social,27726.04
2023-03-01,1,Email,27579.18
2023-03-01,1,Affiliate,20188.79
2023-03-01,2,Paid Search,23763.77
2023-03-01,2,Social,22415.61
2023-03-01,2,Email,26030.96
2023-03-01,2,Affiliate,42425.54
2023-03-01,3,Paid Search,20787.46
2023-03-01,3,Social,13727.6
2023-03-01,3,Email,19985.37
2023-03-01,3,Affiliate,22240.5
2023-03-01,4,Paid Search,29560.8
2023-03-01,4,Social,14170.04
2023-03-01,4,Email,21266.34
2023-03-01,4,Affiliate,19009.79
2023-03-01,5,Paid Search,10773.91
2023-03-01,5,Social,6578.85
2023-03-01,5,Email,24402.43
2023-03-01,5,Affiliate,16445.17
2023-03-01,6,Paid Search,22478.54
2023-03-01,6,Social,20326.81
2023-03-01,6,Email,18972.6
2023-03-01,6,Affiliate,25607.35
2023-03-01,7,Paid Search,25391.87
2023-03-01,7,Social,14267.1
2023-03-01,7,Email,30404.39
2023-03-01,7,Affiliate,31257.1
2023-03-01,8,Paid Search,24181.29
2023-03-01,8,Social,16339.63
2023-03-01,8,Email,34426.79
2023-03-01,8,Affiliate,13754.42
2023-03-01,9,Paid Search,15651.69
2023-03-01,9,Social,29429.75
2023-03-01,9,Email,33113.84
2023-03-01,9,Affiliate,15409.93
2023-03-01,10,Paid Search,32572.81
2023-03-01,10,Social,27812.56
2023-03-01,10,Email,22685.24
2023-03-01,10,Affiliate,19665.08
2023-03-01,11,Paid Search,9972.49
2023-03-01,11,Social,29729.66
2023-03-01,11,Email,20670.14
2023-03-01,11,Affiliate,23004.87
2023-03-01,12,Paid Search,24802.29
2023-03-01,12,Social,16891.93
2023-03-01,12,Email,17991.18
2023-03-01,12,Affiliate,26747.14
2023-04-01,1,Paid Search,32347.29
2023-04-01,1,Social,33054.8
2023-04-01,1,Email,21453.2
2023-04-01,1,Affiliate,20260.77
2023-04-01,2,Paid Search,22364.12
2023-04-01,2,Social,31480.51
2023-04-01,2,Email,17903.52
2023-04-01,2,Affiliate,17926.7
2023-04-01,3,Paid Search,23231.35
2023-04-01,3,Social,19313.95
2023-04-01,3,Email,21928.01
2023-04-01,3,Affiliate,25257.57
2023-04-01,4,Paid Search,27683.5
2023-04-01,4,Social,12484.19
2023-04-01,4,Email,28912.47
2023-04-01,4,Affiliate,29036.24
2023-04-01,5,Paid Search,31929.37
2023-04-01,5,Social,20795.35
2023-04-01,5,Email,20703.14
2023-04-01,5,Affiliate,18704.19
2023-04-01,6,Paid Search,12688.07
2023-04-01,6,Social,19448.66
2023-04-01,6,Email,38226.54
2023-04-01,6,Affiliate,29844.14
2023-04-01,7,Paid Search,11666.77
2023-04-01,7,Social,20876.17
2023-04-01,7,Email,15880.5
2023-04-01,7,Affiliate,21658.25
2023-04-01,8,Paid Search,14764.44
2023-04-01,8,Social,26093.42
2023-04-01,8,Email,32944.23
2023-04-01,8,Affiliate,26940.09
2023-04-01,9,Paid Search,14023.11
2023-04-01,9,Social,24916.79
2023-04-01,9,Email,20114.53
2023-04-01,9,Affiliate,20668.06
2023-04-01,10,Paid Search,26122.16
2023-04-01,10,Social,31770.86
2023-04-01,10,Email,28199.3
2023-04-01,10,Affiliate,27369.64
2023-04-01,11,Paid Search,19673.7
2023-04-01,11,Social,42746.53
2023-04-01,11,Email,23682.63
2023-04-01,11,Affiliate,25407.35
2023-04-01,12,Paid Search,32675.91
2023-04-01,12,Social,40562.14
2023-04-01,12,Email,25901.83
2023-04-01,12,Affiliate,36815.78
2023-05-01,1,Paid Search,24551.12
2023-05-01,1,Social,14239.84
2023-05-01,1,Email,32332.96
2023-05-01,1,Affiliate,20522.73
2023-05-01,2,Paid Search,22162.96
2023-05-01,2,Social,18806.42
2023-05-01,2,Email,18780.35
2023-05-01,2,Affiliate,24015.79
2023-05-01,3,Paid Search,23118.05
2023-05-01,3,Social,21435.95
2023-05-01,3,Email,25480.36
2023-05-01,3,Affiliate,26126.96
2023-05-01,4,Paid Search,33320.4
2023-05-01,4,Social,28385.45
2023-05-01,4,Email,26632.0
2023-05-01,4,Affiliate,30794.9
2023-05-01,5,Paid Search,21052.87
2023-05-01,5,Social,27636.18
2023-05-01,5,Email,27777.51
2023-05-01,5,Affiliate,35356.76
2023-05-01,6,Paid Search,33464.56
2023-05-01,6,Social,23770.73
2023-05-01,6,Email,14129.81
2023-05-01,6,Affiliate,25806.92
2023-05-01,7,Paid Search,22932.12
2023-05-01,7,Social,25606.65
2023-05-01,7,Email,17972.83
2023-05-01,7,Affiliate,20390.63
2023-05-01,8,Paid Search,24506.28
2023-05-01,8,Social,19937.17
2023-05-01,8,Email,15399.73
2023-05-01,8,Affiliate,28596.22
2023-05-01,9,Paid Search,29642.68
2023-05-01,9,Social,35763.64
2023-05-01,9,Email,11864.74
2023-05-01,9,Affiliate,21582.32
2023-05-01,10,Paid Search,19086.97
2023-05-01,10,Social,10544.55
2023-05-01,10,Email,7108.85
2023-05-01,10,Affiliate,20775.64
2023-05-01,11,Paid Search,16645.79
2023-05-01,11,Social,29419.17
2023-05-01,11,Email,23050.21
2023-05-01,11,Affiliate,27942.96
2023-05-01,12,Paid Search,24709.69
2023-05-01,12,Social,20402.87
2023-05-01,12,Email,28029.04
2023-05-01,12,Affiliate,31944.31
2023-06-01,1,Paid Search,27410.83
2023-06-01,1,Social,27194.34
2023-06-01,1,Email,28047.8
2023-06-01,1,Affiliate,27806.75
2023-06-01,2,Paid Search,22469.66
2023-06-01,2,Social,27284.68
2023-06-01,2,Email,26015.0
2023-06-01,2,Affiliate,26660.08
2023-06-01,3,Paid Search,34815.08
2023-06-01,3,Social,23770.22
2023-06-01,3,Email,22802.61
2023-06-01,3,Affiliate,14992.29
2023-06-01,4,Paid Search,23617.01
2023-06-01,4,Social,4071.35
2023-06-01,4,Email,12896.31
2023-06-01,4,Affiliate,9767.65
2023-06-01,5,Paid Search,12302.02
2023-06-01,5,Social,20415.09
2023-06-01,5,Email,12450.45
2023-06-01,5,Affiliate,18276.11
2023-06-01,6,Paid Search,31189.35
2023-06-01,6,Social,25747.48
2023-06-01,6,Email,45469.24
2023-06-01,6,Affiliate,10876.54
2023-06-01,7,Paid Search,30039.41
2023-06-01,7,Social,15970.9
2023-06-01,7,Email,37206.81
2023-06-01,7,Affiliate,30527.59
2023-06-01,8,Paid Search,17212.47
2023-06-01,8,Social,20617.5
2023-06-01,8,Email,16189.94
2023-06-01,8,Affiliate,30256.63
2023-06-01,9,Paid Search,24793.41
2023-06-01,9,Social,37407.18
2023-06-01,9,Email,37766.44
2023-06-01,9,Affiliate,29055.13
2023-06-01,10,Paid Search,30941.28
2023-06-01,10,Social,27555.24
2023-06-01,10,Email,25041.65
2023-06-01,10,Affiliate,21762.35
2023-06-01,11,Paid Search,26505.89
2023-06-01,11,Social,20456.6
2023-06-01,11,Email,24858.44
2023-06-01,11,Affiliate,21612.92
2023-06-01,12,Paid Search,21643.15
2023-06-01,12,Social,34933.99
2023-06-01,12,Email,21675.05
2023-06-01,12,Affiliate,18978.86
2023-07-01,1,Paid Search,15903.04
2023-07-01,1,Social,11381.71
2023-07-01,1,Email,25547.26
2023-07-01,1,Affiliate,21208.57
2023-07-01,2,Paid Search,24784.7
2023-07-01,2,Social,15767.71
2023-07-01,2,Email,13103.03
2023-07-01,2,Affiliate,17984.68
2023-07-01,3,Paid Search,18947.15
2023-07-01,3,Social,24894.51
2023-07-01,3,Email,41290.94
2023-07-01,3,Affiliate,32058.26
2023-07-01,4,Paid Search,22035.14
2023-07-01,4,Social,15084.36
2023-07-01,4,Email,16514.81
2023-07-01,4,Affiliate,22388.89
2023-07-01,5,Paid Search,18947.81
2023-07-01,5,Social,22650.3
2023-07-01,5,Email,13675.81
2023-07-01,5,Affiliate,28186.84
2023-07-01,6,Paid Search,32251.56
2023-07-01,6,Social,24113.58
2023-07-01,6,Email,29049.79
2023-07-01,6,Affiliate,31237.74
2023-07-01,7,Paid Search,23077.39
2023-07-01,7,Social,31030.9
2023-07-01,7,Email,23260.9
2023-07-01,7,Affiliate,28749.47
2023-07-01,8,Paid Search,7521.77
2023-07-01,8,Social,30620.49
2023-07-01,8,Email,30812.39
2023-07-01,8,Affiliate,24507.37
2023-07-01,9,Paid Search,17554.71
2023-07-01,9,Social,21673.18
2023-07-01,9,Email,18294.25
2023-07-01,9,Affiliate,23535.51
2023-07-01,10,Paid Search,20034.4
2023-07-01,10,Social,28384.74
2023-07-01,10,Email,24059.67
2023-07-01,10,Affiliate,32592.6
2023-07-01,11,Paid Search,26085.98
2023-07-01,11,Social,26333.49
2023-07-01,11,Email,16524.98
2023-07-01,11,Affiliate,27321.76
2023-07-01,12,Paid Search,26215.19
2023-07-01,12,Social,21654.16
2023-07-01,12,Email,15693.89
2023-07-01,12,Affiliate,21340.45
2023-08-01,1,Paid Search,16835.85
2023-08-01,1,Social,13188.53
2023-08-01,1,Email,18334.74
2023-08-01,1,Affiliate,23225.34
2023-08-01,2,Paid Search,26489.81
2023-08-01,2,Social,21301.14
2023-08-01,2,Email,25411.79
2023-08-01,2,Affiliate,28397.52
2023-08-01,3,Paid Search,19916.45
2023-08-01,3,Social,11528.26
2023-08-01,3,Email,17610.58
2023-08-01,3,Affiliate,11927.53
2023-08-01,4,Paid Search,12700.68
2023-08-01,4,Social,31362.51
2023-08-01,4,Email,22604.08
2023-08-01,4,Affiliate,18310.82
2023-08-01,5,Paid Search,10766.24
2023-08-01,5,Social,35216.65
2023-08-01,5,Email,27032.8
2023-08-01,5,Affiliate,28767.52
2023-08-01,6,Paid Search,16192.76
2023-08-01,6,Social,23792.47
2023-08-01,6,Email,25125.94
2023-08-01,6,Affiliate,18113.86
2023-08-01,7,Paid Search,20810.13
2023-08-01,7,Social,15981.62
2023-08-01,7,Email,22118.1
2023-08-01,7,Affiliate,25434.93
2023-08-01,8,Paid Search,23548.77
2023-08-01,8,Social,35743.67
2023-08-01,8,Email,19928.81
2023-08-01,8,Affiliate,27548.56
2023-08-01,9,Paid Search,6590.25
2023-08-01,9,Social,25921.57
2023-08-01,9,Email,31002.15
2023-08-01,9,Affiliate,22756.86
2023-08-01,10,Paid Search,23154.31
2023-08-01,10,Social,4000.0
2023-08-01,10,Email,16238.82
2023-08-01,10,Affiliate,31014.5
2023-08-01,11,Paid Search,23508.72
2023-08-01,11,Social,19564.88
2023-08-01,11,Email,27108.13
2023-08-01,11,Affiliate,21939.22
2023-08-01,12,Paid Search,31892.43
2023-08-01,12,Social,20232.68
2023-08-01,12,Email,30716.27
2023-08-01,12,Affiliate,29552.03
2023-09-01,1,Paid Search,19530.81
2023-09-01,1,Social,23310.53
2023-09-01,1,Email,21497.71
2023-09-01,1,Affiliate,29151.29
2023-09-01,2,Paid Search,30398.02
2023-09-01,2,Social,33074.88
2023-09-01,2,Email,20323.62
2023-09-01,2,Affiliate,30330.48
2023-09-01,3,Paid Search,27174.75
2023-09-01,3,Social,28382.06
2023-09-01,3,Email,6649.5
2023-09-01,3,Affiliate,25490.59
2023-09-01,4,Paid Search,16746.33
2023-09-01,4,Social,25760.13
2023-09-01,4,Email,37672.22
2023-09-01,4,Affiliate,32354.07
2023-09-01,5,Paid Search,20816.1
2023-09-01,5,Social,19294.92
2023-09-01,5,Email,27411.6
2023-09-01,5,Affiliate,24038.06
2023-09-01,6,Paid Search,19347.16
2023-09-01,6,Social,27239.9
2023-09-01,6,Email,22722.0
2023-09-01,6,Affiliate,16439.13
2023-09-01,7,Paid Search,15235.06
2023-09-01,7,Social,31670.52
2023-09-01,7,Email,28872.75
2023-09-01,7,Affiliate,22133.48
2023-09-01,8,Paid Search,31698.16
2023-09-01,8,Social,25954.24
2023-09-01,8,Email,17864.79
2023-09-01,8,Affiliate,23072.16
2023-09-01,9,Paid Search,24365.71
2023-09-01,9,Social,22977.86
2023-09-01,9,Email,17894.6
2023-09-01,9,Affiliate,24576.63
2023-09-01,10,Paid Search,32635.24
2023-09-01,10,Social,18602.8
2023-09-01,10,Email,29212.35
2023-09-01,10,Affiliate,22350.14
2023-09-01,11,Paid Search,17206.23
2023-09-01,11,Social,19910.2
2023-09-01,11,Email,25531.53
2023-09-01,11,Affiliate,22435.58
2023-09-01,12,Paid Search,31439.39
2023-09-01,12,Social,31471.74
2023-09-01,12,Email,24299.48
2023-09-01,12,Affiliate,43494.78
2023-10-01,1,Paid Search,32247.72
2023-10-01,1,Social,24987.15
2023-10-01,1,Email,23493.01
2023-10-01,1,Affiliate,24936.12
2023-10-01,2,Paid Search,31493.07
2023-10-01,2,Social,22369.62
2023-10-01,2,Email,36411.65
2023-10-01,2,Affiliate,16217.99
2023-10-01,3,Paid Search,15260.14
2023-10-01,3,Social,29999.9
2023-10-01,3,Email,32587.7
2023-10-01,3,Affiliate,23509.19
2023-10-01,4,Paid Search,32435.67
2023-10-01,4,Social,29198.14
2023-10-01,4,Email,15192.18
2023-10-01,4,Affiliate,11600.97
2023-10-01,5,Paid Search,22857.04
2023-10-01,5,Social,8416.06
2023-10-01,5,Email,26209.66
2023-10-01,5,Affiliate,26055.2
2023-10-01,6,Paid Search,4000.0
2023-10-01,6,Social,18265.85
2023-10-01,6,Email,29360.27
2023-10-01,6,Affiliate,13008.65
2023-10-01,7,Paid Search,19534.09
2023-10-01,7,Social,26877.45
2023-10-01,7,Email,33014.41
2023-10-01,7,Affiliate,14489.29
2023-10-01,8,Paid Search,18177.15
2023-10-01,8,Social,31349.27
2023-10-01,8,Email,10258.3
2023-10-01,8,Affiliate,27105.38
2023-10-01,9,Paid Search,23988.61
2023-10-01,9,Social,26878.77
2023-10-01,9,Email,28222.62
2023-10-01,9,Affiliate,4263.35
2023-10-01,10,Paid Search,8091.03
2023-10-01,10,Social,33598.69
2023-10-01,10,Email,31570.55
2023-10-01,10,Affiliate,9236.66
2023-10-01,11,Paid Search,23740.95
2023-10-01,11,Social,32512.61
2023-10-01,11,Email,18524.36
2023-10-01,11,Affiliate,16887.51
2023-10-01,12,Paid Search,24654.63
2023-10-01,12,Social,21418.45
2023-10-01,12,Email,8668.17
2023-10-01,12,Affiliate,28879.39
2023-11-01,1,Paid Search,16371.56
2023-11-01,1,Social,28069.94
2023-11-01,1,Email,32525.78
2023-11-01,1,Affiliate,23585.12
2023-11-01,2,Paid Search,14978.36
2023-11-01,2,Social,29154.27
2023-11-01,2,Email,19538.92
2023-11-01,2,Affiliate,17623.29
2023-11-01,3,Paid Search,30659.41
2023-11-01,3,Social,26329.57
2023-11-01,3,Email,22804.96
2023-11-01,3,Affiliate,12530.31
2023-11-01,4,Paid Search,31606.31
2023-11-01,4,Social,28937.46
2023-11-01,4,Email,34987.6
2023-11-01,4,Affiliate,22306.06
2023-11-01,5,Paid Search,23870.0
2023-11-01,5,Social,29736.16
2023-11-01,5,Email,23830.52
2023-11-01,5,Affiliate,15108.36
2023-11-01,6,Paid Search,6010.33
2023-11-01,6,Social,27136.15
2023-11-01,6,Email,12336.34
2023-11-01,6,Affiliate,19859.74
2023-11-01,7,Paid Search,24762.77
2023-11-01,7,Social,22689.05
2023-11-01,7,Email,19026.11
2023-11-01,7,Affiliate,33420.37
2023-11-01,8,Paid Search,29695.8
2023-11-01,8,Social,23654.59
2023-11-01,8,Email,15036.3
2023-11-01,8,Affiliate,14768.02
2023-11-01,9,Paid Search,24213.52
2023-11-01,9,Social,10605.54
2023-11-01,9,Email,51474.51
2023-11-01,9,Affiliate,26087.71
2023-11-01,10,Paid Search,27349.15
2023-11-01,10,Social,30210.66
2023-11-01,10,Email,12240.21
2023-11-01,10,Affiliate,18841.73
2023-11-01,11,Paid Search,17145.48
2023-11-01,11,Social,25946.14
2023-11-01,11,Email,26784.92
2023-11-01,11,Affiliate,37588.95
2023-11-01,12,Paid Search,27617.46
2023-11-01,12,Social,28730.83
2023-11-01,12,Email,9821.48
2023-11-01,12,Affiliate,15775.49
2023-12-01,1,Paid Search,17073.8
2023-12-01,1,Social,29602.39
2023-12-01,1,Email,33473.06
2023-12-01,1,Affiliate,21630.89
2023-12-01,2,Paid Search,32781.2
2023-12-01,2,Social,22859.18
2023-12-01,2,Email,22414.4
2023-12-01,2,Affiliate,32695.55
2023-12-01,3,Paid Search,36389.04
2023-12-01,3,Social,23654.78
2023-12-01,3,Email,27912.35
2023-12-01,3,Affiliate,20178.48
2023-12-01,4,Paid Search,20937.8
2023-12-01,4,Social,23891.08
2023-12-01,4,Email,23931.62
2023-12-01,4,Affiliate,30834.99
2023-12-01,5,Paid Search,16708.6
2023-12-01,5,Social,19550.44
2023-12-01,5,Email,22870.47
2023-12-01,5,Affiliate,24392.54
2023-12-01,6,Paid Search,37188.5
2023-12-01,6,Social,20285.79
2023-12-01,6,Email,26205.38
2023-12-01,6,Affiliate,5650.36
2023-12-01,7,Paid Search,16613.03
2023-12-01,7,Social,24560.46
2023-12-01,7,Email,28074.47
2023-12-01,7,Affiliate,20450.96
2023-12-01,8,Paid Search,14125.97
2023-12-01,8,Social,25765.57
2023-12-01,8,Email,40083.41
2023-12-01,8,Affiliate,22141.07
2023-12-01,9,Paid Search,30645.25
2023-12-01,9,Social,26628.6
2023-12-01,9,Email,15417.29
2023-12-01,9,Affiliate,26890.33
2023-12-01,10,Paid Search,28126.94
2023-12-01,10,Social,20951.66
2023-12-01,10,Email,21933.42
2023-12-01,10,Affiliate,17129.9
2023-12-01,11,Paid Search,24737.52
2023-12-01,11,Social,17172.38
2023-12-01,11,Email,22914.02
2023-12-01,11,Affiliate,18904.62
2023-12-01,12,Paid Search,24101.8
2023-12-01,12,Social,28591.66
2023-12-01,12,Email,31182.63
2023-12-01,12,Affiliate,29048.42
2024-01-01,1,Paid Search,7915.54
2024-01-01,1,Social,27969.66
2024-01-01,1,Email,14003.79
2024-01-01,1,Affiliate,12005.06
2024-01-01,2,Paid Search,14945.67
2024-01-01,2,Social,7384.91
2024-01-01,2,Email,13643.66
2024-01-01,2,Affiliate,29687.73
2024-01-01,3,Paid Search,24468.69
2024-01-01,3,Social,13225.31
2024-01-01,3,Email,28191.08
2024-01-01,3,Affiliate,37476.94
2024-01-01,4,Paid Search,19030.82
2024-01-01,4,Social,13947.49
2024-01-01,4,Email,22116.03
2024-01-01,4,Affiliate,12373.09
2024-01-01,5,Paid Search,21541.18
2024-01-01,5,Social,16308.88
2024-01-01,5,Email,23142.04
2024-01-01,5,Affiliate,36529.3
2024-01-01,6,Paid Search,24393.66
2024-01-01,6,Social,16432.3
2024-01-01,6,Email,7823.08
2024-01-01,6,Affiliate,23749.38
2024-01-01,7,Paid Search,25968.76
2024-01-01,7,Social,30070.04
2024-01-01,7,Email,26157.74
2024-01-01,7,Affiliate,36759.62
2024-01-01,8,Paid Search,18362.85
2024-01-01,8,Social,17932.84
2024-01-01,8,Email,4413.24
2024-01-01,8,Affiliate,26000.27
2024-01-01,9,Paid Search,23185.81
2024-01-01,9,Social,20098.98
2024-01-01,9,Email,20265.07
2024-01-01,9,Affiliate,14311.25
2024-01-01,10,Paid Search,32899.88
2024-01-01,10,Social,28594.0
2024-01-01,10,Email,24678.25
2024-01-01,10,Affiliate,15076.54
2024-01-01,11,Paid Search,7336.35
2024-01-01,11,Social,17849.42
2024-01-01,11,Email,21342.63
2024-01-01,11,Affiliate,24278.88
2024-01-01,12,Paid Search,22868.05
2024-01-01,12,Social,10825.08
2024-01-01,12,Email,18151.51
2024-01-01,12,Affiliate,35619.02
2024-02-01,1,Paid Search,28207.98
2024-02-01,1,Social,20250.18
2024-02-01,1,Email,12306.84
2024-02-01,1,Affiliate,16012.0
2024-02-01,2,Paid Search,34106.71
2024-02-01,2,Social,15166.6
2024-02-01,2,Email,34665.06
2024-02-01,2,Affiliate,17508.86
2024-02-01,3,Paid Search,27390.81
2024-02-01,3,Social,39456.03
2024-02-01,3,Email,31866.94
2024-02-01,3,Affiliate,35947.78
2024-02-01,4,Paid Search,31416.14
2024-02-01,4,Social,34754.52
2024-02-01,4,Email,30447.14
2024-02-01,4,Affiliate,31380.81
2024-02-01,5,Paid Search,30309.25
2024-02-01,5,Social,34826.53
2024-02-01,5,Email,25791.36
2024-02-01,5,Affiliate,28091.34
2024-02-01,6,Paid Search,21018.5
2024-02-01,6,Social,21982.06
2024-02-01,6,Email,26200.78
2024-02-01,6,Affiliate,21638.24
2024-02-01,7,Paid Search,17518.01
2024-02-01,7,Social,26195.5
2024-02-01,7,Email,19186.47
2024-02-01,7,Affiliate,9833.83
2024-02-01,8,Paid Search,16122.8
2024-02-01,8,Social,23567.82
2024-02-01,8,Email,30773.37
2024-02-01,8,Affiliate,18519.52
2024-02-01,9,Paid Search,23287.73
2024-02-01,9,Social,30049.08
2024-02-01,9,Email,21115.72
2024-02-01,9,Affiliate,26150.42
2024-02-01,10,Paid Search,32703.74
2024-02-01,10,Social,24804.91
2024-02-01,10,Email,15232.43
2024-02-01,10,Affiliate,23665.55
2024-02-01,11,Paid Search,10901.79
2024-02-01,11,Social,28157.42
2024-02-01,11,Email,8649.74
2024-02-01,11,Affiliate,26725.77
2024-02-01,12,Paid Search,27532.15
2024-02-01,12,Social,12041.31
2024-02-01,12,Email,29070.34
2024-02-01,12,Affiliate,26859.92
2024-03-01,1,Paid Search,25985.07
2024-03-01,1,Social,32832.24
2024-03-01,1,Email,17915.74
2024-03-01,1,Affiliate,17385.33
2024-03-01,2,Paid Search,31992.76
2024-03-01,2,Social,30354.93
2024-03-01,2,Email,27571.31
2024-03-01,2,Affiliate,17721.22
2024-03-01,3,Paid Search,22215.11
2024-03-01,3,Social,25759.76
2024-03-01,3,Email,18235.17
2024-03-01,3,Affiliate,13269.06
2024-03-01,4,Paid Search,14103.53
2024-03-01,4,Social,23113.89
2024-03-01,4,Email,16453.09
2024-03-01,4,Affiliate,20426.25
2024-03-01,5,Paid Search,12342.86
2024-03-01,5,Social,21949.14
2024-03-01,5,Email,31348.07
2024-03-01,5,Affiliate,16348.5
2024-03-01,6,Paid Search,27547.16
2024-03-01,6,Social,4000.0
2024-03-01,6,Email,19840.71
2024-03-01,6,Affiliate,21019.68
2024-03-01,7,Paid Search,27711.07
2024-03-01,7,Social,7492.08
2024-03-01,7,Email,23018.22
2024-03-01,7,Affiliate,17926.47
2024-03-01,8,Paid Search,32620.2
2024-03-01,8,Social,12923.01
2024-03-01,8,Email,28532.34
2024-03-01,8,Affiliate,20549.35
2024-03-01,9,Paid Search,32356.64
2024-03-01,9,Social,14655.15
2024-03-01,9,Email,23460.09
2024-03-01,9,Affiliate,4457.92
2024-03-01,10,Paid Search,21486.02
2024-03-01,10,Social,26786.67
2024-03-01,10,Email,18212.13
2024-03-01,10,Affiliate,19230.3
2024-03-01,11,Paid Search,32911.53
2024-03-01,11,Social,28851.65
2024-03-01,11,Email,17246.29
2024-03-01,11,Affiliate,29093.12
2024-03-01,12,Paid Search,27920.03
2024-03-01,12,Social,11988.68
2024-03-01,12,Email,32753.02
2024-03-01,12,Affiliate,19470.05
2024-04-01,1,Paid Search,32966.41
2024-04-01,1,Social,27100.77
2024-04-01,1,Email,17446.03
2024-04-01,1,Affiliate,21421.91
2024-04-01,2,Paid Search,39127.18
2024-04-01,2,Social,16291.41
2024-04-01,2,Email,17982.33
2024-04-01,2,Affiliate,29946.0
2024-04-01,3,Paid Search,23701.3
2024-04-01,3,Social,34602.34
2024-04-01,3,Email,25371.53
2024-04-01,3,Affiliate,25733.22
2024-04-01,4,Paid Search,17559.5
2024-04-01,4,Social,18594.12
2024-04-01,4,Email,28136.34
2024-04-01,4,Affiliate,28532.15
2024-04-01,5,Paid Search,22010.17
2024-04-01,5,Social,25115.3
2024-04-01,5,Email,20913.85
2024-04-01,5,Affiliate,32646.33
2024-04-01,6,Paid Search,17236.81
2024-04-01,6,Social,6840.48
2024-04-01,6,Email,22596.5
2024-04-01,6,Affiliate,34355.97
2024-04-01,7,Paid Search,17908.53
2024-04-01,7,Social,24242.1
2024-04-01,7,Email,21217.73
2024-04-01,7,Affiliate,19816.88
2024-04-01,8,Paid Search,4000.0
2024-04-01,8,Social,36929.42
2024-04-01,8,Email,29636.81
2024-04-01,8,Affiliate,24249.77
2024-04-01,9,Paid Search,42915.01
2024-04-01,9,Social,25489.74
2024-04-01,9,Email,23251.96
2024-04-01,9,Affiliate,26692.99
2024-04-01,10,Paid Search,21883.41
2024-04-01,10,Social,28409.6
2024-04-01,10,Email,27528.71
2024-04-01,10,Affiliate,34715.96
2024-04-01,11,Paid Search,29080.48
2024-04-01,11,Social,36055.02
2024-04-01,11,Email,19067.81
2024-04-01,11,Affiliate,30313.01
2024-04-01,12,Paid Search,19940.0
2024-04-01,12,Social,34908.34
2024-04-01,12,Email,32005.75
2024-04-01,12,Affiliate,35023.34
2024-05-01,1,Paid Search,15591.02
2024-05-01,1,Social,19236.51
2024-05-01,1,Email,19864.41
2024-05-01,1,Affiliate,17939.52
2024-05-01,2,Paid Search,21702.05
2024-05-01,2,Social,21250.46
2024-05-01,2,Email,22717.95
2024-05-01,2,Affiliate,10805.41
2024-05-01,3,Paid Search,23141.9
2024-05-01,3,Social,27004.04
2024-05-01,3,Email,28323.55
2024-05-01,3,Affiliate,22399.92
2024-05-01,4,Paid Search,27060.9
2024-05-01,4,Social,21368.52
2024-05-01,4,Email,34619.19
2024-05-01,4,Affiliate,31107.69
2024-05-01,5,Paid Search,20400.51
2024-05-01,5,Social,18963.63
2024-05-01,5,Email,29197.47
2024-05-01,5,Affiliate,16639.79
2024-05-01,6,Paid Search,25830.14
2024-05-01,6,Social,23244.0
2024-05-01,6,Email,16244.77
2024-05-01,6,Affiliate,22884.7
2024-05-01,7,Paid Search,25586.46
2024-05-01,7,Social,18359.71
2024-05-01,7,Email,13881.88
2024-05-01,7,Affiliate,27724.97
2024-05-01,8,Paid Search,32552.01
2024-05-01,8,Social,31987.72
2024-05-01,8,Email,18835.59
2024-05-01,8,Affiliate,27888.13
2024-05-01,9,Paid Search,27178.6
2024-05-01,9,Social,24200.58
2024-05-01,9,Email,21612.72
2024-05-01,9,Affiliate,26063.08
2024-05-01,10,Paid Search,17452.41
2024-05-01,10,Social,31538.45
2024-05-01,10,Email,27615.67
2024-05-01,10,Affiliate,33013.93
2024-05-01,11,Paid Search,24560.4
2024-05-01,11,Social,30522.64
2024-05-01,11,Email,14367.82
2024-05-01,11,Affiliate,21235.18
2024-05-01,12,Paid Search,20010.06
2024-05-01,12,Social,33108.57
2024-05-01,12,Email,23818.14
2024-05-01,12,Affiliate,34492.74
2024-06-01,1,Paid Search,37195.42
2024-06-01,1,Social,16460.17
2024-06-01,1,Email,24868.64
2024-06-01,1,Affiliate,20120.61
2024-06-01,2,Paid Search,22961.62
2024-06-01,2,Social,21039.94
2024-06-01,2,Email,24116.51
2024-06-01,2,Affiliate,22082.4
2024-06-01,3,Paid Search,23926.79
2024-06-01,3,Social,34500.15
2024-06-01,3,Email,30263.36
2024-06-01,3,Affiliate,26167.92
2024-06-01,4,Paid Search,11502.32
2024-06-01,4,Social,29033.71
2024-06-01,4,Email,4164.49
2024-06-01,4,Affiliate,30332.51
2024-06-01,5,Paid Search,26347.17
2024-06-01,5,Social,29789.52
2024-06-01,5,Email,31381.4
2024-06-01,5,Affiliate,23068.64
2024-06-01,6,Paid Search,17523.95
2024-06-01,6,Social,20593.83
2024-06-01,6,Email,25453.02
2024-06-01,6,Affiliate,18173.04
2024-06-01,7,Paid Search,20146.48
2024-06-01,7,Social,15031.27
2024-06-01,7,Email,5223.41
2024-06-01,7,Affiliate,20230.62
2024-06-01,8,Paid Search,21135.69
2024-06-01,8,Social,26743.77
2024-06-01,8,Email,21138.09
2024-06-01,8,Affiliate,16981.24
2024-06-01,9,Paid Search,23362.55
2024-06-01,9,Social,27728.81
2024-06-01,9,Email,27611.89
2024-06-01,9,Affiliate,22580.23
2024-06-01,10,Paid Search,26300.59
2024-06-01,10,Social,23215.0
2024-06-01,10,Email,26995.54
2024-06-01,10,Affiliate,19129.16
2024-06-01,11,Paid Search,44923.73
2024-06-01,11,Social,30109.45
2024-06-01,11,Email,31131.52
2024-06-01,11,Affiliate,10228.19
2024-06-01,12,Paid Search,29206.19
2024-06-01,12,Social,34737.64
2024-06-01,12,Email,18175.2
2024-06-01,12,Affiliate,22918.67
2024-07-01,1,Paid Search,40685.01
2024-07-01,1,Social,31239.38
2024-07-01,1,Email,24962.77
2024-07-01,1,Affiliate,24244.04
2024-07-01,2,Paid Search,21062.8
2024-07-01,2,Social,17445.24
2024-07-01,2,Email,21356.81
2024-07-01,2,Affiliate,36793.95
2024-07-01,3,Paid Search,28479.54
2024-07-01,3,Social,15534.76
2024-07-01,3,Email,40092.42
2024-07-01,3,Affiliate,9499.6
2024-07-01,4,Paid Search,23467.16
2024-07-01,4,Social,16821.71
2024-07-01,4,Email,22109.0
2024-07-01,4,Affiliate,19286.94
2024-07-01,5,Paid Search,23521.62
2024-07-01,5,Social,8599.57
2024-07-01,5,Email,39872.8
2024-07-01,5,Affiliate,26060.89
2024-07-01,6,Paid Search,12881.17
2024-07-01,6,Social,12226.76
2024-07-01,6,Email,25872.04
2024-07-01,6,Affiliate,13898.43
2024-07-01,7,Paid Search,41239.54
2024-07-01,7,Social,32308.77
2024-07-01,7,Email,22356.57
2024-07-01,7,Affiliate,20929.09
2024-07-01,8,Paid Search,11943.73
2024-07-01,8,Social,26268.0
2024-07-01,8,Email,26531.17
2024-07-01,8,Affiliate,23482.81
2024-07-01,9,Paid Search,21449.69
2024-07-01,9,Social,35455.32
2024-07-01,9,Email,27416.3
2024-07-01,9,Affiliate,16079.1
2024-07-01,10,Paid Search,22416.79
2024-07-01,10,Social,32972.48
2024-07-01,10,Email,19721.76
2024-07-01,10,Affiliate,20094.58
2024-07-01,11,Paid Search,40259.02
2024-07-01,11,Social,26317.46
2024-07-01,11,Email,24570.91
2024-07-01,11,Affiliate,19097.44
2024-07-01,12,Paid Search,13733.02
2024-07-01,12,Social,37590.68
2024-07-01,12,Email,18903.31
2024-07-01,12,Affiliate,15738.89
2024-08-01,1,Paid Search,15210.3
2024-08-01,1,Social,22102.12
2024-08-01,1,Email,26457.0
2024-08-01,1,Affiliate,33469.57
2024-08-01,2,Paid Search,24772.8
2024-08-01,2,Social,21572.25
2024-08-01,2,Email,21642.38
2024-08-01,2,Affiliate,20486.89
2024-08-01,3,Paid Search,24204.65
2024-08-01,3,Social,27184.49
2024-08-01,3,Email,30579.4
2024-08-01,3,Affiliate,34195.01
2024-08-01,4,Paid Search,22394.48
2024-08-01,4,Social,33079.44
2024-08-01,4,Email,23954.4
2024-08-01,4,Affiliate,24083.4
2024-08-01,5,Paid Search,28742.78
2024-08-01,5,Social,22561.84
2024-08-01,5,Email,17025.38
2024-08-01,5,Affiliate,12740.03
2024-08-01,6,Paid Search,10621.82
2024-08-01,6,Social,22772.5
2024-08-01,6,Email,9802.99
2024-08-01,6,Affiliate,32806.78
2024-08-01,7,Paid Search,31433.15
2024-08-01,7,Social,24070.21
2024-08-01,7,Email,37156.17
2024-08-01,7,Affiliate,16635.75
2024-08-01,8,Paid Search,29832.66
2024-08-01,8,Social,24042.06
2024-08-01,8,Email,28979.45
2024-08-01,8,Affiliate,28502.44
2024-08-01,9,Paid Search,34378.85
2024-08-01,9,Social,12871.46
2024-08-01,9,Email,32674.05
2024-08-01,9,Affiliate,17149.18
2024-08-01,10,Paid Search,10341.71
2024-08-01,10,Social,39281.89
2024-08-01,10,Email,12446.68
2024-08-01,10,Affiliate,29060.53
2024-08-01,11,Paid Search,24379.71
2024-08-01,11,Social,32846.8
2024-08-01,11,Email,29814.47
2024-08-01,11,Affiliate,21230.06
2024-08-01,12,Paid Search,22273.43
2024-08-01,12,Social,25506.7
2024-08-01,12,Email,19728.27
2024-08-01,12,Affiliate,18959.8
2024-09-01,1,Paid Search,23320.54
2024-09-01,1,Social,19918.4
2024-09-01,1,Email,33250.71
2024-09-01,1,Affiliate,22552.07
2024-09-01,2,Paid Search,23565.01
2024-09-01,2,Social,28525.97
2024-09-01,2,Email,24170.91
2024-09-01,2,Affiliate,39147.06
2024-09-01,3,Paid Search,18607.7
2024-09-01,3,Social,12200.72
2024-09-01,3,Email,27472.89
2024-09-01,3,Affiliate,24179.73
2024-09-01,4,Paid Search,24511.26
2024-09-01,4,Social,30985.21
2024-09-01,4,Email,22145.17
2024-09-01,4,Affiliate,29426.21
2024-09-01,5,Paid Search,25925.03
2024-09-01,5,Social,34592.96
2024-09-01,5,Email,20692.67
2024-09-01,5,Affiliate,27158.07
2024-09-01,6,Paid Search,14614.15
2024-09-01,6,Social,32661.78
2024-09-01,6,Email,9562.05
2024-09-01,6,Affiliate,18975.76
2024-09-01,7,Paid Search,24339.8
2024-09-01,7,Social,27010.39
2024-09-01,7,Email,27507.46
2024-09-01,7,Affiliate,29465.19
2024-09-01,8,Paid Search,24062.33
2024-09-01,8,Social,23426.16
2024-09-01,8,Email,20160.52
2024-09-01,8,Affiliate,20859.83
2024-09-01,9,Paid Search,27401.89
2024-09-01,9,Social,19901.36
2024-09-01,9,Email,17502.26
2024-09-01,9,Affiliate,29598.89
2024-09-01,10,Paid Search,30293.31
2024-09-01,10,Social,21567.75
2024-09-01,10,Email,15337.62
2024-09-01,10,Affiliate,13490.34
2024-09-01,11,Paid Search,39266.98
2024-09-01,11,Social,35160.98
2024-09-01,11,Email,20768.98
2024-09-01,11,Affiliate,22306.8
2024-09-01,12,Paid Search,25723.06
2024-09-01,12,Social,21156.72
2024-09-01,12,Email,27728.14
2024-09-01,12,Affiliate,19220.38
2024-10-01,1,Paid Search,27865.81
2024-10-01,1,Social,16929.52
2024-10-01,1,Email,32032.04
2024-10-01,1,Affiliate,27806.98
2024-10-01,2,Paid Search,23438.28
2024-10-01,2,Social,18553.95
2024-10-01,2,Email,12934.99
2024-10-01,2,Affiliate,25767.42
2024-10-01,3,Paid Search,11394.56
2024-10-01,3,Social,23534.92
2024-10-01,3,Email,22771.45
2024-10-01,3,Affiliate,23480.53
2024-10-01,4,Paid Search,27386.68
2024-10-01,4,Social,15305.87
2024-10-01,4,Email,35404.09
2024-10-01,4,Affiliate,23978.24
2024-10-01,5,Paid Search,21016.6
2024-10-01,5,Social,17136.42
2024-10-01,5,Email,27210.53
2024-10-01,5,Affiliate,21243.67
2024-10-01,6,Paid Search,15662.22
2024-10-01,6,Social,30974.28
2024-10-01,6,Email,39054.34
2024-10-01,6,Affiliate,10292.61
2024-10-01,7,Paid Search,24853.85
2024-10-01,7,Social,20204.05
2024-10-01,7,Email,24554.02
2024-10-01,7,Affiliate,24714.79
2024-10-01,8,Paid Search,19641.16
2024-10-01,8,Social,19663.07
2024-10-01,8,Email,17135.9
2024-10-01,8,Affiliate,23442.37
2024-10-01,9,Paid Search,16922.35
2024-10-01,9,Social,9153.83
2024-10-01,9,Email,18669.98
2024-10-01,9,Affiliate,33188.32
2024-10-01,10,Paid Search,17433.99
2024-10-01,10,Social,23509.17
2024-10-01,10,Email,9547.73
2024-10-01,10,Affiliate,23735.19
2024-10-01,11,Paid Search,30014.58
2024-10-01,11,Social,24611.35
2024-10-01,11,Email,25942.61
2024-10-01,11,Affiliate,16735.08
2024-10-01,12,Paid Search,22044.04
2024-10-01,12,Social,23355.44
2024-10-01,12,Email,24913.22
2024-10-01,12,Affiliate,24402.45
2024-11-01,1,Paid Search,12456.2
2024-11-01,1,Social,22735.71
2024-11-01,1,Email,19524.9
2024-11-01,1,Affiliate,32588.69
2024-11-01,2,Paid Search,20793.75
2024-11-01,2,Social,23146.38
2024-11-01,2,Email,12580.58
2024-11-01,2,Affiliate,28420.05
2024-11-01,3,Paid Search,15793.97
2024-11-01,3,Social,15361.67
2024-11-01,3,Email,13521.76
2024-11-01,3,Affiliate,20747.94
2024-11-01,4,Paid Search,13698.72
2024-11-01,4,Social,7931.64
2024-11-01,4,Email,26596.34
2024-11-01,4,Affiliate,22890.39
2024-11-01,5,Paid Search,33487.35
2024-11-01,5,Social,17017.05
2024-11-01,5,Email,27068.29
2024-11-01,5,Affiliate,11855.89
2024-11-01,6,Paid Search,13936.7
2024-11-01,6,Social,25533.89
2024-11-01,6,Email,22566.68
2024-11-01,6,Affiliate,14536.69
2024-11-01,7,Paid Search,20836.73
2024-11-01,7,Social,18643.86
2024-11-01,7,Email,17379.95
2024-11-01,7,Affiliate,29889.36
2024-11-01,8,Paid Search,14238.59
2024-11-01,8,Social,34007.91
2024-11-01,8,Email,20354.82
2024-11-01,8,Affiliate,15053.59
2024-11-01,9,Paid Search,19181.36
2024-11-01,9,Social,20701.06
2024-11-01,9,Email,12245.63
2024-11-01,9,Affiliate,22449.48
2024-11-01,10,Paid Search,34960.2
2024-11-01,10,Social,25540.16
2024-11-01,10,Email,31284.03
2024-11-01,10,Affiliate,15957.27
2024-11-01,11,Paid Search,15652.65
2024-11-01,11,Social,13018.94
2024-11-01,11,Email,22476.31
2024-11-01,11,Affiliate,17616.45
2024-11-01,12,Paid Search,27036.87
2024-11-01,12,Social,39157.2
2024-11-01,12,Email,17183.32
2024-11-01,12,Affiliate,20896.89
2024-12-01,1,Paid Search,13149.38
2024-12-01,1,Social,17682.33
2024-12-01,1,Email,13907.89
2024-12-01,1,Affiliate,21349.55
2024-12-01,2,Paid Search,19403.98
2024-12-01,2,Social,19128.04
2024-12-01,2,Email,32613.29
2024-12-01,2,Affiliate,16844.49
2024-12-01,3,Paid Search,31732.49
2024-12-01,3,Social,20865.97
2024-12-01,3,Email,25458.41
2024-12-01,3,Affiliate,26530.79
2024-12-01,4,Paid Search,23780.44
2024-12-01,4,Social,22707.94
2024-12-01,4,Email,32492.85
2024-12-01,4,Affiliate,20506.16
2024-12-01,5,Paid Search,22749.63
2024-12-01,5,Social,24590.06
2024-12-01,5,Email,40108.44
2024-12-01,5,Affiliate,26371.85
2024-12-01,6,Paid Search,28007.84
2024-12-01,6,Social,18695.5
2024-12-01,6,Email,16731.55
2024-12-01,6,Affiliate,22522.89
2024-12-01,7,Paid Search,35304.15
2024-12-01,7,Social,19861.2
2024-12-01,7,Email,39168.92
2024-12-01,7,Affiliate,25608.19
2024-12-01,8,Paid Search,16410.01
2024-12-01,8,Social,26796.95
2024-12-01,8,Email,46398.3
2024-12-01,8,Affiliate,21451.72
2024-12-01,9,Paid Search,24703.51
2024-12-01,9,Social,8388.72
2024-12-01,9,Email,19012.11
2024-12-01,9,Affiliate,30427.81
2024-12-01,10,Paid Search,21237.93
2024-12-01,10,Social,34786.21
2024-12-01,10,Email,33948.47
2024-12-01,10,Affiliate,14028.28
2024-12-01,11,Paid Search,27438.11
2024-12-01,11,Social,27899.47
2024-12-01,11,Email,29852.62
2024-12-01,11,Affiliate,13566.98
2024-12-01,12,Paid Search,17526.29
2024-12-01,12,Social,12622.78
2024-12-01,12,Email,23366.9
2024-12-01,12,Affiliate,20501.68
2025-01-01,1,Paid Search,32647.68
2025-01-01,1,Social,31198.92
2025-01-01,1,Email,25163.28
2025-01-01,1,Affiliate,27606.56
2025-01-01,2,Paid Search,15860.46
2025-01-01,2,Social,20413.4
2025-01-01,2,Email,25113.56
2025-01-01,2,Affiliate,19908.71
2025-01-01,3,Paid Search,19965.08
2025-01-01,3,Social,21096.97
2025-01-01,3,Email,14380.93
2025-01-01,3,Affiliate,28467.95
2025-01-01,4,Paid Search,21227.38
2025-01-01,4,Social,34307.79
2025-01-01,4,Email,14639.13
2025-01-01,4,Affiliate,8046.81
2025-01-01,5,Paid Search,32344.45
2025-01-01,5,Social,34216.27
2025-01-01,5,Email,31345.24
2025-01-01,5,Affiliate,21425.49
2025-01-01,6,Paid Search,33649.33
2025-01-01,6,Social,23545.67
2025-01-01,6,Email,18026.89
2025-01-01,6,Affiliate,23173.8
2025-01-01,7,Paid Search,37643.62
2025-01-01,7,Social,17728.29
2025-01-01,7,Email,23403.74
2025-01-01,7,Affiliate,14751.06
2025-01-01,8,Paid Search,29303.77
2025-01-01,8,Social,30067.83
2025-01-01,8,Email,18307.46
2025-01-01,8,Affiliate,34579.46
2025-01-01,9,Paid Search,25969.52
2025-01-01,9,Social,33577.29
2025-01-01,9,Email,21126.02
2025-01-01,9,Affiliate,20055.79
2025-01-01,10,Paid Search,28199.31
2025-01-01,10,Social,34514.35
2025-01-01,10,Email,36666.67
2025-01-01,10,Affiliate,28990.53
2025-01-01,11,Paid Search,34438.51
2025-01-01,11,Social,18947.36
2025-01-01,11,Email,16352.64
2025-01-01,11,Affiliate,25443.58
2025-01-01,12,Paid Search,11254.52
2025-01-01,12,Social,26318.55
2025-01-01,12,Email,35340.94
2025-01-01,12,Affiliate,4549.69
2025-02-01,1,Paid Search,13366.93
2025-02-01,1,Social,28700.08
2025-02-01,1,Email,25735.7
2025-02-01,1,Affiliate,24550.94
2025-02-01,2,Paid Search,34151.5
2025-02-01,2,Social,36319.86
2025-02-01,2,Email,20873.24
2025-02-01,2,Affiliate,24689.77
2025-02-01,3,Paid Search,34835.02
2025-02-01,3,Social,32657.22
2025-02-01,3,Email,20100.47
2025-02-01,3,Affiliate,16809.88
2025-02-01,4,Paid Search,30545.51
2025-02-01,4,Social,30335.12
2025-02-01,4,Email,27020.43
2025-02-01,4,Affiliate,21413.58
2025-02-01,5,Paid Search,26635.64
2025-02-01,5,Social,31243.56
2025-02-01,5,Email,28309.38
2025-02-01,5,Affiliate,23010.75
2025-02-01,6,Paid Search,25032.09
2025-02-01,6,Social,29072.01
2025-02-01,6,Email,20792.13
2025-02-01,6,Affiliate,27997.52
2025-02-01,7,Paid Search,27966.76
2025-02-01,7,Social,19123.09
2025-02-01,7,Email,18459.81
2025-02-01,7,Affiliate,37180.49
2025-02-01,8,Paid Search,15652.96
2025-02-01,8,Social,28541.73
2025-02-01,8,Email,18361.12
2025-02-01,8,Affiliate,38488.59
2025-02-01,9,Paid Search,23820.75
2025-02-01,9,Social,8945.72
2025-02-01,9,Email,22246.97
2025-02-01,9,Affiliate,25492.36
2025-02-01,10,Paid Search,21393.77
2025-02-01,10,Social,39862.16
2025-02-01,10,Email,21844.19
2025-02-01,10,Affiliate,28280.08
2025-02-01,11,Paid Search,34257.89
2025-02-01,11,Social,26442.91
2025-02-01,11,Email,35063.1
2025-02-01,11,Affiliate,37364.84
2025-02-01,12,Paid Search,20556.91
2025-02-01,12,Social,20107.68
2025-02-01,12,Email,28547.99
2025-02-01,12,Affiliate,21582.78
2025-03-01,1,Paid Search,15595.89
2025-03-01,1,Social,24051.32
2025-03-01,1,Email,26183.1
2025-03-01,1,Affiliate,23050.12
2025-03-01,2,Paid Search,20823.79
2025-03-01,2,Social,19344.24
2025-03-01,2,Email,33930.94
2025-03-01,2,Affiliate,24293.94
2025-03-01,3,Paid Search,13340.62
2025-03-01,3,Social,18957.72
2025-03-01,3,Email,37986.35
2025-03-01,3,Affiliate,22108.81
2025-03-01,4,Paid Search,21311.6
2025-03-01,4,Social,24522.31
2025-03-01,4,Email,35474.46
2025-03-01,4,Affiliate,18561.27
2025-03-01,5,Paid Search,18305.78
2025-03-01,5,Social,18660.57
2025-03-01,5,Email,30126.65
2025-03-01,5,Affiliate,23195.09
2025-03-01,6,Paid Search,25738.1
2025-03-01,6,Social,9779.95
2025-03-01,6,Email,16893.82
2025-03-01,6,Affiliate,35769.3
2025-03-01,7,Paid Search,21831.11
2025-03-01,7,Social,22152.76
2025-03-01,7,Email,30944.45
2025-03-01,7,Affiliate,20301.25
2025-03-01,8,Paid Search,17306.07
2025-03-01,8,Social,29599.34
2025-03-01,8,Email,40732.01
2025-03-01,8,Affiliate,15066.98
2025-03-01,9,Paid Search,12240.98
2025-03-01,9,Social,22299.01
2025-03-01,9,Email,27940.67
2025-03-01,9,Affiliate,25621.12
2025-03-01,10,Paid Search,20734.35
2025-03-01,10,Social,32888.55
2025-03-01,10,Email,23441.58
2025-03-01,10,Affiliate,31748.77
2025-03-01,11,Paid Search,33408.05
2025-03-01,11,Social,30947.37
2025-03-01,11,Email,19937.56
2025-03-01,11,Affiliate,24966.35
2025-03-01,12,Paid Search,16936.84
2025-03-01,12,Social,26300.97
2025-03-01,12,Email,19936.5
2025-03-01,12,Affiliate,23718.34
2025-04-01,1,Paid Search,21609.81
2025-04-01,1,Social,26920.5
2025-04-01,1,Email,31060.1
2025-04-01,1,Affiliate,19018.4
2025-04-01,2,Paid Search,35545.34
2025-04-01,2,Social,18290.08
2025-04-01,2,Email,31931.61
2025-04-01,2,Affiliate,37456.93
2025-04-01,3,Paid Search,32070.71
2025-04-01,3,Social,17400.65
2025-04-01,3,Email,25079.99
2025-04-01,3,Affiliate,20164.73
2025-04-01,4,Paid Search,32615.08
2025-04-01,4,Social,26917.67
2025-04-01,4,Email,22190.58
2025-04-01,4,Affiliate,32654.74
2025-04-01,5,Paid Search,16759.27
2025-04-01,5,Social,24168.03
2025-04-01,5,Email,19866.7
2025-04-01,5,Affiliate,17829.56
2025-04-01,6,Paid Search,22427.34
2025-04-01,6,Social,30087.25
2025-04-01,6,Email,17577.46
2025-04-01,6,Affiliate,26614.36
2025-04-01,7,Paid Search,13430.21
2025-04-01,7,Social,21486.74
2025-04-01,7,Email,19614.95
2025-04-01,7,Affiliate,30271.03
2025-04-01,8,Paid Search,27705.85
2025-04-01,8,Social,30285.75
2025-04-01,8,Email,16620.28
2025-04-01,8,Affiliate,25192.58
2025-04-01,9,Paid Search,39484.93
2025-04-01,9,Social,21287.0
2025-04-01,9,Email,29551.02
2025-04-01,9,Affiliate,29831.87
2025-04-01,10,Paid Search,29547.93
2025-04-01,10,Social,20444.66
2025-04-01,10,Email,24714.55
2025-04-01,10,Affiliate,32529.39
2025-04-01,11,Paid Search,22434.53
2025-04-01,11,Social,25843.67
2025-04-01,11,Email,30986.08
2025-04-01,11,Affiliate,38293.14
2025-04-01,12,Paid Search,5588.38
2025-04-01,12,Social,16445.12
2025-04-01,12,Email,13464.29
2025-04-01,12,Affiliate,15840.86
2025-05-01,1,Paid Search,33227.31
2025-05-01,1,Social,25133.42
2025-05-01,1,Email,28562.39
2025-05-01,1,Affiliate,23126.73
2025-05-01,2,Paid Search,34080.14
2025-05-01,2,Social,24934.68
2025-05-01,2,Email,12642.26
2025-05-01,2,Affiliate,15066.51
2025-05-01,3,Paid Search,28078.52
2025-05-01,3,Social,26435.67
2025-05-01,3,Email,26232.53
2025-05-01,3,Affiliate,4000.0
2025-05-01,4,Paid Search,28925.54
2025-05-01,4,Social,16861.04
2025-05-01,4,Email,8284.77
2025-05-01,4,Affiliate,39358.81
2025-05-01,5,Paid Search,28290.98
2025-05-01,5,Social,19104.86
2025-05-01,5,Email,29332.01
2025-05-01,5,Affiliate,18007.45
2025-05-01,6,Paid Search,26649.38
2025-05-01,6,Social,27017.65
2025-05-01,6,Email,30454.32
2025-05-01,6,Affiliate,32631.13
2025-05-01,7,Paid Search,41134.87
2025-05-01,7,Social,20501.97
2025-05-01,7,Email,11450.32
2025-05-01,7,Affiliate,24781.59
2025-05-01,8,Paid Search,30183.33
2025-05-01,8,Social,30164.76
2025-05-01,8,Email,11191.23
2025-05-01,8,Affiliate,16598.71
2025-05-01,9,Paid Search,13607.89
2025-05-01,9,Social,9434.24
2025-05-01,9,Email,23837.63
2025-05-01,9,Affiliate,16133.45
2025-05-01,10,Paid Search,15713.4
2025-05-01,10,Social,32514.01
2025-05-01,10,Email,29356.19
2025-05-01,10,Affiliate,39045.9
2025-05-01,11,Paid Search,14623.11
2025-05-01,11,Social,25563.99
2025-05-01,11,Email,17089.09
2025-05-01,11,Affiliate,35992.89
2025-05-01,12,Paid Search,16124.33
2025-05-01,12,Social,29301.19
2025-05-01,12,Email,13575.12
2025-05-01,12,Affiliate,38943.57
2025-06-01,1,Paid Search,11369.72
2025-06-01,1,Social,23310.46
2025-06-01,1,Email,26580.65
2025-06-01,1,Affiliate,32962.54
2025-06-01,2,Paid Search,15747.67
2025-06-01,2,Social,27526.48
2025-06-01,2,Email,21040.96
2025-06-01,2,Affiliate,23561.84
2025-06-01,3,Paid Search,18779.72
2025-06-01,3,Social,37988.13
2025-06-01,3,Email,31231.43
2025-06-01,3,Affiliate,20962.12
2025-06-01,4,Paid Search,34282.21
2025-06-01,4,Social,18262.66
2025-06-01,4,Email,17497.52
2025-06-01,4,Affiliate,22648.72
2025-06-01,5,Paid Search,25950.74
2025-06-01,5,Social,22641.35
2025-06-01,5,Email,19665.47
2025-06-01,5,Affiliate,23696.27
2025-06-01,6,Paid Search,25539.84
2025-06-01,6,Social,29952.81
2025-06-01,6,Email,19143.57
2025-06-01,6,Affiliate,21667.26
2025-06-01,7,Paid Search,22344.7
2025-06-01,7,Social,25560.66
2025-06-01,7,Email,21363.76
2025-06-01,7,Affiliate,30228.68
2025-06-01,8,Paid Search,19577.12
2025-06-01,8,Social,19700.24
2025-06-01,8,Email,20775.92
2025-06-01,8,Affiliate,19934.67
2025-06-01,9,Paid Search,41400.2
2025-06-01,9,Social,27183.81
2025-06-01,9,Email,20651.8
2025-06-01,9,Affiliate,23751.96
2025-06-01,10,Paid Search,28980.36
2025-06-01,10,Social,19712.4
2025-06-01,10,Email,12863.57
2025-06-01,10,Affiliate,23669.26
2025-06-01,11,Paid Search,16091.74
2025-06-01,11,Social,48693.2
2025-06-01,11,Email,27003.4
2025-06-01,11,Affiliate,18839.85
2025-06-01,12,Paid Search,23596.57
2025-06-01,12,Social,34260.67
2025-06-01,12,Email,17887.5
2025-06-01,12,Affiliate,24042.82
2025-07-01,1,Paid Search,21031.51
2025-07-01,1,Social,15778.91
2025-07-01,1,Email,12495.76
2025-07-01,1,Affiliate,23503.11
2025-07-01,2,Paid Search,26260.02
2025-07-01,2,Social,34603.24
2025-07-01,2,Email,22878.3
2025-07-01,2,Affiliate,27926.92
2025-07-01,3,Paid Search,17501.01
2025-07-01,3,Social,30920.87
2025-07-01,3,Email,36061.65
2025-07-01,3,Affiliate,31976.66
2025-07-01,4,Paid Search,13774.59
2025-07-01,4,Social,18189.32
2025-07-01,4,Email,22901.51
2025-07-01,4,Affiliate,23174.13
2025-07-01,5,Paid Search,12500.45
2025-07-01,5,Social,25199.17
2025-07-01,5,Email,17602.31
2025-07-01,5,Affiliate,22309.93
2025-07-01,6,Paid Search,27071.21
2025-07-01,6,Social,23310.85
2025-07-01,6,Email,9526.17
2025-07-01,6,Affiliate,23112.53
2025-07-01,7,Paid Search,28011.35
2025-07-01,7,Social,16010.56
2025-07-01,7,Email,17579.82
2025-07-01,7,Affiliate,20503.83
2025-07-01,8,Paid Search,24337.37
2025-07-01,8,Social,26186.95
2025-07-01,8,Email,34484.49
2025-07-01,8,Affiliate,22875.13
2025-07-01,9,Paid Search,31404.2
2025-07-01,9,Social,16382.45
2025-07-01,9,Email,27656.31
2025-07-01,9,Affiliate,30368.52
2025-07-01,10,Paid Search,24699.2
2025-07-01,10,Social,28028.75
2025-07-01,10,Email,21270.24
2025-07-01,10,Affiliate,26092.43
2025-07-01,11,Paid Search,18637.97
2025-07-01,11,Social,39368.51
2025-07-01,11,Email,19846.57
2025-07-01,11,Affiliate,22673.6
2025-07-01,12,Paid Search,10941.12
2025-07-01,12,Social,22566.86
2025-07-01,12,Email,9369.28
2025-07-01,12,Affiliate,42397.72
2025-08-01,1,Paid Search,14611.96
2025-08-01,1,Social,19449.79
2025-08-01,1,Email,25289.48
2025-08-01,1,Affiliate,31825.03
2025-08-01,2,Paid Search,26936.55
2025-08-01,2,Social,16831.42
2025-08-01,2,Email,26542.01
2025-08-01,2,Affiliate,24210.68
2025-08-01,3,Paid Search,36000.3
2025-08-01,3,Social,32086.65
2025-08-01,3,Email,29118.48
2025-08-01,3,Affiliate,22475.84
2025-08-01,4,Paid Search,34698.09
2025-08-01,4,Social,10735.97
2025-08-01,4,Email,28921.47
2025-08-01,4,Affiliate,22939.48
2025-08-01,5,Paid Search,34733.93
2025-08-01,5,Social,22032.39
2025-08-01,5,Email,31642.94
2025-08-01,5,Affiliate,32635.76
2025-08-01,6,Paid Search,28342.74
2025-08-01,6,Social,24407.31
2025-08-01,6,Email,24442.37
2025-08-01,6,Affiliate,35464.21
2025-08-01,7,Paid Search,22915.75
2025-08-01,7,Social,22381.23
2025-08-01,7,Email,29211.96
2025-08-01,7,Affiliate,19229.87
2025-08-01,8,Paid Search,28251.13
2025-08-01,8,Social,17973.75
2025-08-01,8,Email,11610.23
2025-08-01,8,Affiliate,34109.84
2025-08-01,9,Paid Search,28543.18
2025-08-01,9,Social,30119.21
2025-08-01,9,Email,33350.39
2025-08-01,9,Affiliate,25152.0
2025-08-01,10,Paid Search,21510.0
2025-08-01,10,Social,34404.97
2025-08-01,10,Email,24009.53
2025-08-01,10,Affiliate,32930.6
2025-08-01,11,Paid Search,16774.18
2025-08-01,11,Social,16468.35
2025-08-01,11,Email,19811.95
2025-08-01,11,Affiliate,26638.72
2025-08-01,12,Paid Search,31520.91
2025-08-01,12,Social,28561.69
2025-08-01,12,Email,21921.87
2025-08-01,12,Affiliate,14735.4
2025-09-01,1,Paid Search,15712.95
2025-09-01,1,Social,40989.96
2025-09-01,1,Email,32670.79
2025-09-01,1,Affiliate,23757.19
2025-09-01,2,Paid Search,26369.61
2025-09-01,2,Social,10933.27
2025-09-01,2,Email,21961.17
2025-09-01,2,Affiliate,39136.06
2025-09-01,3,Paid Search,22740.0
2025-09-01,3,Social,12547.98
2025-09-01,3,Email,31959.52
2025-09-01,3,Affiliate,19866.46
2025-09-01,4,Paid Search,36739.9
2025-09-01,4,Social,29937.14
2025-09-01,4,Email,32083.04
2025-09-01,4,Affiliate,23577.25
2025-09-01,5,Paid Search,18711.36
2025-09-01,5,Social,26636.02
2025-09-01,5,Email,17793.26
2025-09-01,5,Affiliate,29437.29
2025-09-01,6,Paid Search,36649.47
2025-09-01,6,Social,12242.64
2025-09-01,6,Email,21512.05
2025-09-01,6,Affiliate,27126.28
2025-09-01,7,Paid Search,17784.58
2025-09-01,7,Social,16015.95
2025-09-01,7,Email,15430.18
2025-09-01,7,Affiliate,12855.99
2025-09-01,8,Paid Search,15382.46
2025-09-01,8,Social,18927.26
2025-09-01,8,Email,25440.94
2025-09-01,8,Affiliate,22785.7
2025-09-01,9,Paid Search,30251.66
2025-09-01,9,Social,31108.01
2025-09-01,9,Email,29297.96
2025-09-01,9,Affiliate,20006.89
2025-09-01,10,Paid Search,20310.73
2025-09-01,10,Social,21857.47
2025-09-01,10,Email,21383.67
2025-09-01,10,Affiliate,19679.03
2025-09-01,11,Paid Search,32708.55
2025-09-01,11,Social,22596.41
2025-09-01,11,Email,31522.84
2025-09-01,11,Affiliate,11574.44
2025-09-01,12,Paid Search,19301.19
2025-09-01,12,Social,14088.47
2025-09-01,12,Email,25246.68
2025-09-01,12,Affiliate,15773.45
2025-10-01,1,Paid Search,29611.9
2025-10-01,1,Social,24838.9
2025-10-01,1,Email,26604.77
2025-10-01,1,Affiliate,21328.74
2025-10-01,2,Paid Search,21237.24
2025-10-01,2,Social,17758.48
2025-10-01,2,Email,9956.78
2025-10-01,2,Affiliate,7877.03
2025-10-01,3,Paid Search,29107.92
2025-10-01,3,Social,30820.83
2025-10-01,3,Email,28363.82
2025-10-01,3,Affiliate,21011.1
2025-10-01,4,Paid Search,30381.83
2025-10-01,4,Social,31230.08
2025-10-01,4,Email,13465.98
2025-10-01,4,Affiliate,21197.75
2025-10-01,5,Paid Search,24245.21
2025-10-01,5,Social,19674.5
2025-10-01,5,Email,25488.6
2025-10-01,5,Affiliate,37471.3
2025-10-01,6,Paid Search,15896.91
2025-10-01,6,Social,18683.7
2025-10-01,6,Email,29669.89
2025-10-01,6,Affiliate,33721.84
2025-10-01,7,Paid Search,28308.75
2025-10-01,7,Social,29510.65
2025-10-01,7,Email,12473.92
2025-10-01,7,Affiliate,16723.68
2025-10-01,8,Paid Search,23055.96
2025-10-01,8,Social,12045.0
2025-10-01,8,Email,22104.7
2025-10-01,8,Affiliate,19216.88
2025-10-01,9,Paid Search,27639.11
2025-10-01,9,Social,45559.43
2025-10-01,9,Email,15151.06
2025-10-01,9,Affiliate,26728.92
2025-10-01,10,Paid Search,14488.32
2025-10-01,10,Social,27927.55
2025-10-01,10,Email,30753.77
2025-10-01,10,Affiliate,27292.26
2025-10-01,11,Paid Search,18581.87
2025-10-01,11,Social,28654.06
2025-10-01,11,Email,28930.05
2025-10-01,11,Affiliate,18707.01
2025-10-01,12,Paid Search,31767.12
2025-10-01,12,Social,23779.93
2025-10-01,12,Email,25785.0
2025-10-01,12,Affiliate,29379.63
2025-11-01,1,Paid Search,13490.22
2025-11-01,1,Social,16349.02
2025-11-01,1,Email,24658.76
2025-11-01,1,Affiliate,29746.66
2025-11-01,2,Paid Search,22938.81
2025-11-01,2,Social,23367.37
2025-11-01,2,Email,26794.78
2025-11-01,2,Affiliate,19993.74
2025-11-01,3,Paid Search,15834.3
2025-11-01,3,Social,30483.36
2025-11-01,3,Email,22125.18
2025-11-01,3,Affiliate,21533.19
2025-11-01,4,Paid Search,19295.82
2025-11-01,4,Social,21569.43
2025-11-01,4,Email,36701.02
2025-11-01,4,Affiliate,25068.33
2025-11-01,5,Paid Search,28973.26
2025-11-01,5,Social,27298.56
2025-11-01,5,Email,36545.79
2025-11-01,5,Affiliate,15298.54
2025-11-01,6,Paid Search,20461.44
2025-11-01,6,Social,29671.14
2025-11-01,6,Email,24033.53
2025-11-01,6,Affiliate,21798.27
2025-11-01,7,Paid Search,27915.27
2025-11-01,7,Social,35260.6
2025-11-01,7,Email,26912.66
2025-11-01,7,Affiliate,9666.82
2025-11-01,8,Paid Search,22139.13
2025-11-01,8,Social,20025.64
2025-11-01,8,Email,24020.31
2025-11-01,8,Affiliate,31966.19
2025-11-01,9,Paid Search,12399.41
2025-11-01,9,Social,23764.35
2025-11-01,9,Email,15644.44
2025-11-01,9,Affiliate,18102.01
2025-11-01,10,Paid Search,28761.91
2025-11-01,10,Social,15588.33
2025-11-01,10,Email,10378.05
2025-11-01,10,Affiliate,24006.67
2025-11-01,11,Paid Search,31484.45
2025-11-01,11,Social,17446.31
2025-11-01,11,Email,21280.43
2025-11-01,11,Affiliate,9692.12
2025-11-01,12,Paid Search,25743.79
2025-11-01,12,Social,24515.23
2025-11-01,12,Email,35845.37
2025-11-01,12,Affiliate,15317.35
2025-12-01,1,Paid Search,29458.33
2025-12-01,1,Social,29117.49
2025-12-01,1,Email,12971.28
2025-12-01,1,Affiliate,20842.8
2025-12-01,2,Paid Search,15433.0
2025-12-01,2,Social,30979.61
2025-12-01,2,Email,30917.36
2025-12-01,2,Affiliate,21774.28
2025-12-01,3,Paid Search,33184.98
2025-12-01,3,Social,16216.79
2025-12-01,3,Email,13727.43
2025-12-01,3,Affiliate,17854.67
2025-12-01,4,Paid Search,22405.55
2025-12-01,4,Social,32563.87
2025-12-01,4,Email,26403.3
2025-12-01,4,Affiliate,28913.49
2025-12-01,5,Paid Search,31027.28
2025-12-01,5,Social,20896.47
2025-12-01,5,Email,24139.54
2025-12-01,5,Affiliate,23779.89
2025-12-01,6,Paid Search,23678.51
2025-12-01,6,Social,13326.27
2025-12-01,6,Email,22243.15
2025-12-01,6,Affiliate,24888.86
2025-12-01,7,Paid Search,24640.2
2025-12-01,7,Social,14629.22
2025-12-01,7,Email,32235.25
2025-12-01,7,Affiliate,27245.62
2025-12-01,8,Paid Search,27314.59
2025-12-01,8,Social,27353.11
2025-12-01,8,Email,19295.56
2025-12-01,8,Affiliate,20563.74
2025-12-01,9,Paid Search,30634.67
2025-12-01,9,Social,29829.58
2025-12-01,9,Email,34242.52
2025-12-01,9,Affiliate,15976.64
2025-12-01,10,Paid Search,43386.92
2025-12-01,10,Social,29950.36
2025-12-01,10,Email,24358.76
2025-12-01,10,Affiliate,27885.68
2025-12-01,11,Paid Search,24636.65
2025-12-01,11,Social,33992.01
2025-12-01,11,Email,24711.91
2025-12-01,11,Affiliate,20147.29
2025-12-01,12,Paid Search,22718.76
2025-12-01,12,Social,26870.72
2025-12-01,12,Email,20484.66
2025-12-01,12,Affiliate,25304.32
