month,region_id,channel,spend
2023-01-01,1,Paid Search,18.29
2023-01-01,2,Paid Search,18.29
2023-01-01,3,Paid Search,18.29
2023-01-01,4,Paid Search,18.29
2023-01-01,5,Paid Search,18.29
2023-01-01,6,Paid Search,18.29
2023-01-01,1,Social,27.57
2023-01-01,2,Social,27.57
2023-01-01,3,Social,27.57
2023-01-01,4,Social,27.57
2023-01-01,5,Social,27.57
2023-01-01,6,Social,27.57
2023-01-01,1,Organic,8.33
2023-01-01,2,Organic,8.33
2023-01-01,3,Organic,8.33
2023-01-01,4,Organic,8.33
2023-01-01,5,Organic,8.33
2023-01-01,6,Organic,8.33
2023-01-01,1,Email,8.33
2023-01-01,2,Email,8.33
2023-01-01,3,Email,8.33
2023-01-01,4,Email,8.33
2023-01-01,5,Email,8.33
2023-01-01,6,Email,8.33
2023-01-01,1,Affiliate,16.38
2023-01-01,2,Affiliate,16.38
2023-01-01,3,Affiliate,16.38
2023-01-01,4,Affiliate,16.38
2023-01-01,5,Affiliate,16.38
2023-01-01,6,Affiliate,16.38
2023-01-01,1,Direct,8.33
2023-01-01,2,Direct,8.33
2023-01-01,3,Direct,8.33
2023-01-01,4,Direct,8.33
2023-01-01,5,Direct,8.33
2023-01-01,6,Direct,8.33
2023-02-01,1,Paid Search,110.75
2023-02-01,2,Paid Search,110.75
2023-02-01,3,Paid Search,110.75
2023-02-01,4,Paid Search,110.75
2023-02-01,5,Paid Search,110.75
2023-02-01,6,Paid Search,110.75
2023-02-01,1,Social,37.26
2023-02-01,2,Social,37.26
2023-02-01,3,Social,37.26
2023-02-01,4,Social,37.26
2023-02-01,5,Social,37.26
2023-02-01,6,Social,37.26
2023-02-01,1,Organic,8.33
2023-02-01,2,Organic,8.33
2023-02-01,3,Organic,8.33
2023-02-01,4,Organic,8.33
2023-02-01,5,Organic,8.33
2023-02-01,6,Organic,8.33
2023-02-01,1,Email,8.33
2023-02-01,2,Email,8.33
2023-02-01,3,Email,8.33
2023-02-01,4,Email,8.33
2023-02-01,5,Email,8.33
2023-02-01,6,Email,8.33
2023-02-01,1,Affiliate,20.95
2023-02-01,2,Affiliate,20.95
2023-02-01,3,Affiliate,20.95
2023-02-01,4,Affiliate,20.95
2023-02-01,5,Affiliate,20.95
2023-02-01,6,Affiliate,20.95
2023-02-01,1,Direct,8.33
2023-02-01,2,Direct,8.33
2023-02-01,3,Direct,8.33
2023-02-01,4,Direct,8.33
2023-02-01,5,Direct,8.33
2023-02-01,6,Direct,8.33
2023-03-01,1,Paid Search,189.23
2023-03-01,2,Paid Search,189.23
2023-03-01,3,Paid Search,189.23
2023-03-01,4,Paid Search,189.23
2023-03-01,5,Paid Search,189.23
2023-03-01,6,Paid Search,189.23
2023-03-01,1,Social,67.63
2023-03-01,2,Social,67.63
2023-03-01,3,Social,67.63
2023-03-01,4,Social,67.63
2023-03-01,5,Social,67.63
2023-03-01,6,Social,67.63
2023-03-01,1,Organic,8.33
2023-03-01,2,Organic,8.33
2023-03-01,3,Organic,8.33
2023-03-01,4,Organic,8.33
2023-03-01,5,Organic,8.33
2023-03-01,6,Organic,8.33
2023-03-01,1,Email,12.68
2023-03-01,2,Email,12.68
2023-03-01,3,Email,12.68
2023-03-01,4,Email,12.68
2023-03-01,5,Email,12.68
2023-03-01,6,Email,12.68
2023-03-01,1,Affiliate,35.95
2023-03-01,2,Affiliate,35.95
2023-03-01,3,Affiliate,35.95
2023-03-01,4,Affiliate,35.95
2023-03-01,5,Affiliate,35.95
2023-03-01,6,Affiliate,35.95
2023-03-01,1,Direct,8.33
2023-03-01,2,Direct,8.33
2023-03-01,3,Direct,8.33
2023-03-01,4,Direct,8.33
2023-03-01,5,Direct,8.33
2023-03-01,6,Direct,8.33
2023-04-01,1,Paid Search,176.86
2023-04-01,2,Paid Search,176.86
2023-04-01,3,Paid Search,176.86
2023-04-01,4,Paid Search,176.86
2023-04-01,5,Paid Search,176.86
2023-04-01,6,Paid Search,176.86
2023-04-01,1,Social,111.59
2023-04-01,2,Social,111.59
2023-04-01,3,Social,111.59
2023-04-01,4,Social,111.59
2023-04-01,5,Social,111.59
2023-04-01,6,Social,111.59
2023-04-01,1,Organic,8.33
2023-04-01,2,Organic,8.33
2023-04-01,3,Organic,8.33
2023-04-01,4,Organic,8.33
2023-04-01,5,Organic,8.33
2023-04-01,6,Organic,8.33
2023-04-01,1,Email,14.91
2023-04-01,2,Email,14.91
2023-04-01,3,Email,14.91
2023-04-01,4,Email,14.91
2023-04-01,5,Email,14.91
2023-04-01,6,Email,14.91
2023-04-01,1,Affiliate,21.79
2023-04-01,2,Affiliate,21.79
2023-04-01,3,Affiliate,21.79
2023-04-01,4,Affiliate,21.79
2023-04-01,5,Affiliate,21.79
2023-04-01,6,Affiliate,21.79
2023-04-01,1,Direct,8.33
2023-04-01,2,Direct,8.33
2023-04-01,3,Direct,8.33
2023-04-01,4,Direct,8.33
2023-04-01,5,Direct,8.33
2023-04-01,6,Direct,8.33
2023-05-01,1,Paid Search,240.85
2023-05-01,2,Paid Search,240.85
2023-05-01,3,Paid Search,240.85
2023-05-01,4,Paid Search,240.85
2023-05-01,5,Paid Search,240.85
2023-05-01,6,Paid Search,240.85
2023-05-01,1,Social,240.71
2023-05-01,2,Social,240.71
2023-05-01,3,Social,240.71
2023-05-01,4,Social,240.71
2023-05-01,5,Social,240.71
2023-05-01,6,Social,240.71
2023-05-01,1,Organic,13.92
2023-05-01,2,Organic,13.92
2023-05-01,3,Organic,13.92
2023-05-01,4,Organic,13.92
2023-05-01,5,Organic,13.92
2023-05-01,6,Organic,13.92
2023-05-01,1,Email,21.59
2023-05-01,2,Email,21.59
2023-05-01,3,Email,21.59
2023-05-01,4,Email,21.59
2023-05-01,5,Email,21.59
2023-05-01,6,Email,21.59
2023-05-01,1,Affiliate,43.35
2023-05-01,2,Affiliate,43.35
2023-05-01,3,Affiliate,43.35
2023-05-01,4,Affiliate,43.35
2023-05-01,5,Affiliate,43.35
2023-05-01,6,Affiliate,43.35
2023-05-01,1,Direct,8.33
2023-05-01,2,Direct,8.33
2023-05-01,3,Direct,8.33
2023-05-01,4,Direct,8.33
2023-05-01,5,Direct,8.33
2023-05-01,6,Direct,8.33
2023-06-01,1,Paid Search,378.43
2023-06-01,2,Paid Search,378.43
2023-06-01,3,Paid Search,378.43
2023-06-01,4,Paid Search,378.43
2023-06-01,5,Paid Search,378.43
2023-06-01,6,Paid Search,378.43
2023-06-01,1,Social,180.4
2023-06-01,2,Social,180.4
2023-06-01,3,Social,180.4
2023-06-01,4,Social,180.4
2023-06-01,5,Social,180.4
2023-06-01,6,Social,180.4
2023-06-01,1,Organic,15.15
2023-06-01,2,Organic,15.15
2023-06-01,3,Organic,15.15
2023-06-01,4,Organic,15.15
2023-06-01,5,Organic,15.15
2023-06-01,6,Organic,15.15
2023-06-01,1,Email,17.45
2023-06-01,2,Email,17.45
2023-06-01,3,Email,17.45
2023-06-01,4,Email,17.45
2023-06-01,5,Email,17.45
2023-06-01,6,Email,17.45
2023-06-01,1,Affiliate,82.68
2023-06-01,2,Affiliate,82.68
2023-06-01,3,Affiliate,82.68
2023-06-01,4,Affiliate,82.68
2023-06-01,5,Affiliate,82.68
2023-06-01,6,Affiliate,82.68
2023-06-01,1,Direct,8.33
2023-06-01,2,Direct,8.33
2023-06-01,3,Direct,8.33
2023-06-01,4,Direct,8.33
2023-06-01,5,Direct,8.33
2023-06-01,6,Direct,8.33
2023-07-01,1,Paid Search,588.24
2023-07-01,2,Paid Search,588.24
2023-07-01,3,Paid Search,588.24
2023-07-01,4,Paid Search,588.24
2023-07-01,5,Paid Search,588.24
2023-07-01,6,Paid Search,588.24
2023-07-01,1,Social,188.8
2023-07-01,2,Social,188.8
2023-07-01,3,Social,188.8
2023-07-01,4,Social,188.8
2023-07-01,5,Social,188.8
2023-07-01,6,Social,188.8
2023-07-01,1,Organic,18.5
2023-07-01,2,Organic,18.5
2023-07-01,3,Organic,18.5
2023-07-01,4,Organic,18.5
2023-07-01,5,Organic,18.5
2023-07-01,6,Organic,18.5
2023-07-01,1,Email,29.59
2023-07-01,2,Email,29.59
2023-07-01,3,Email,29.59
2023-07-01,4,Email,29.59
2023-07-01,5,Email,29.59
2023-07-01,6,Email,29.59
2023-07-01,1,Affiliate,113.51
2023-07-01,2,Affiliate,113.51
2023-07-01,3,Affiliate,113.51
2023-07-01,4,Affiliate,113.51
2023-07-01,5,Affiliate,113.51
2023-07-01,6,Affiliate,113.51
2023-07-01,1,Direct,8.33
2023-07-01,2,Direct,8.33
2023-07-01,3,Direct,8.33
2023-07-01,4,Direct,8.33
2023-07-01,5,Direct,8.33
2023-07-01,6,Direct,8.33
2023-08-01,1,Paid Search,354.76
2023-08-01,2,Paid Search,354.76
2023-08-01,3,Paid Search,354.76
2023-08-01,4,Paid Search,354.76
2023-08-01,5,Paid Search,354.76
2023-08-01,6,Paid Search,354.76
2023-08-01,1,Social,204.82
2023-08-01,2,Social,204.82
2023-08-01,3,Social,204.82
2023-08-01,4,Social,204.82
2023-08-01,5,Social,204.82
2023-08-01,6,Social,204.82
2023-08-01,1,Organic,31.63
2023-08-01,2,Organic,31.63
2023-08-01,3,Organic,31.63
2023-08-01,4,Organic,31.63
2023-08-01,5,Organic,31.63
2023-08-01,6,Organic,31.63
2023-08-01,1,Email,37.19
2023-08-01,2,Email,37.19
2023-08-01,3,Email,37.19
2023-08-01,4,Email,37.19
2023-08-01,5,Email,37.19
2023-08-01,6,Email,37.19
2023-08-01,1,Affiliate,126.8
2023-08-01,2,Affiliate,126.8
2023-08-01,3,Affiliate,126.8
2023-08-01,4,Affiliate,126.8
2023-08-01,5,Affiliate,126.8
2023-08-01,6,Affiliate,126.8
2023-08-01,1,Direct,8.33
2023-08-01,2,Direct,8.33
2023-08-01,3,Direct,8.33
2023-08-01,4,Direct,8.33
2023-08-01,5,Direct,8.33
2023-08-01,6,Direct,8.33
2023-09-01,1,Paid Search,499.49
2023-09-01,2,Paid Search,499.49
2023-09-01,3,Paid Search,499.49
2023-09-01,4,Paid Search,499.49
2023-09-01,5,Paid Search,499.49
2023-09-01,6,Paid Search,499.49
2023-09-01,1,Social,268.32
2023-09-01,2,Social,268.32
2023-09-01,3,Social,268.32
2023-09-01,4,Social,268.32
2023-09-01,5,Social,268.32
2023-09-01,6,Social,268.32
2023-09-01,1,Organic,24.96
2023-09-01,2,Organic,24.96
2023-09-01,3,Organic,24.96
2023-09-01,4,Organic,24.96
2023-09-01,5,Organic,24.96
2023-09-01,6,Organic,24.96
2023-09-01,1,Email,18.94
2023-09-01,2,Email,18.94
2023-09-01,3,Email,18.94
2023-09-01,4,Email,18.94
2023-09-01,5,Email,18.94
2023-09-01,6,Email,18.94
2023-09-01,1,Affiliate,129.52
2023-09-01,2,Affiliate,129.52
2023-09-01,3,Affiliate,129.52
2023-09-01,4,Affiliate,129.52
2023-09-01,5,Affiliate,129.52
2023-09-01,6,Affiliate,129.52
2023-09-01,1,Direct,8.33
2023-09-01,2,Direct,8.33
2023-09-01,3,Direct,8.33
2023-09-01,4,Direct,8.33
2023-09-01,5,Direct,8.33
2023-09-01,6,Direct,8.33
2023-10-01,1,Paid Search,504.13
2023-10-01,2,Paid Search,504.13
2023-10-01,3,Paid Search,504.13
2023-10-01,4,Paid Search,504.13
2023-10-01,5,Paid Search,504.13
2023-10-01,6,Paid Search,504.13
2023-10-01,1,Social,319.42
2023-10-01,2,Social,319.42
2023-10-01,3,Social,319.42
2023-10-01,4,Social,319.42
2023-10-01,5,Social,319.42
2023-10-01,6,Social,319.42
2023-10-01,1,Organic,32.49
2023-10-01,2,Organic,32.49
2023-10-01,3,Organic,32.49
2023-10-01,4,Organic,32.49
2023-10-01,5,Organic,32.49
2023-10-01,6,Organic,32.49
2023-10-01,1,Email,40.88
2023-10-01,2,Email,40.88
2023-10-01,3,Email,40.88
2023-10-01,4,Email,40.88
2023-10-01,5,Email,40.88
2023-10-01,6,Email,40.88
2023-10-01,1,Affiliate,159.01
2023-10-01,2,Affiliate,159.01
2023-10-01,3,Affiliate,159.01
2023-10-01,4,Affiliate,159.01
2023-10-01,5,Affiliate,159.01
2023-10-01,6,Affiliate,159.01
2023-10-01,1,Direct,8.33
2023-10-01,2,Direct,8.33
2023-10-01,3,Direct,8.33
2023-10-01,4,Direct,8.33
2023-10-01,5,Direct,8.33
2023-10-01,6,Direct,8.33
2023-11-01,1,Paid Search,673.47
2023-11-01,2,Paid Search,673.47
2023-11-01,3,Paid Search,673.47
2023-11-01,4,Paid Search,673.47
2023-11-01,5,Paid Search,673.47
2023-11-01,6,Paid Search,673.47
2023-11-01,1,Social,404.54
2023-11-01,2,Social,404.54
2023-11-01,3,Social,404.54
2023-11-01,4,Social,404.54
2023-11-01,5,Social,404.54
2023-11-01,6,Social,404.54
2023-11-01,1,Organic,42.1
2023-11-01,2,Organic,42.1
2023-11-01,3,Organic,42.1
2023-11-01,4,Organic,42.1
2023-11-01,5,Organic,42.1
2023-11-01,6,Organic,42.1
2023-11-01,1,Email,45.13
2023-11-01,2,Email,45.13
2023-11-01,3,Email,45.13
2023-11-01,4,Email,45.13
2023-11-01,5,Email,45.13
2023-11-01,6,Email,45.13
2023-11-01,1,Affiliate,147.65
2023-11-01,2,Affiliate,147.65
2023-11-01,3,Affiliate,147.65
2023-11-01,4,Affiliate,147.65
2023-11-01,5,Affiliate,147.65
2023-11-01,6,Affiliate,147.65
2023-11-01,1,Direct,8.33
2023-11-01,2,Direct,8.33
2023-11-01,3,Direct,8.33
2023-11-01,4,Direct,8.33
2023-11-01,5,Direct,8.33
2023-11-01,6,Direct,8.33
2023-12-01,1,Paid Search,843.83
2023-12-01,2,Paid Search,843.83
2023-12-01,3,Paid Search,843.83
2023-12-01,4,Paid Search,843.83
2023-12-01,5,Paid Search,843.83
2023-12-01,6,Paid Search,843.83
2023-12-01,1,Social,408.38
2023-12-01,2,Social,408.38
2023-12-01,3,Social,408.38
2023-12-01,4,Social,408.38
2023-12-01,5,Social,408.38
2023-12-01,6,Social,408.38
2023-12-01,1,Organic,26.69
2023-12-01,2,Organic,26.69
2023-12-01,3,Organic,26.69
2023-12-01,4,Organic,26.69
2023-12-01,5,Organic,26.69
2023-12-01,6,Organic,26.69
2023-12-01,1,Email,72.89
2023-12-01,2,Email,72.89
2023-12-01,3,Email,72.89
2023-12-01,4,Email,72.89
2023-12-01,5,Email,72.89
2023-12-01,6,Email,72.89
2023-12-01,1,Affiliate,214.42
2023-12-01,2,Affiliate,214.42
2023-12-01,3,Affiliate,214.42
2023-12-01,4,Affiliate,214.42
2023-12-01,5,Affiliate,214.42
2023-12-01,6,Affiliate,214.42
2023-12-01,1,Direct,9.34
2023-12-01,2,Direct,9.34
2023-12-01,3,Direct,9.34
2023-12-01,4,Direct,9.34
2023-12-01,5,Direct,9.34
2023-12-01,6,Direct,9.34
2024-01-01,1,Paid Search,772.18
2024-01-01,2,Paid Search,772.18
2024-01-01,3,Paid Search,772.18
2024-01-01,4,Paid Search,772.18
2024-01-01,5,Paid Search,772.18
2024-01-01,6,Paid Search,772.18
2024-01-01,1,Social,614.83
2024-01-01,2,Social,614.83
2024-01-01,3,Social,614.83
2024-01-01,4,Social,614.83
2024-01-01,5,Social,614.83
2024-01-01,6,Social,614.83
2024-01-01,1,Organic,37.35
2024-01-01,2,Organic,37.35
2024-01-01,3,Organic,37.35
2024-01-01,4,Organic,37.35
2024-01-01,5,Organic,37.35
2024-01-01,6,Organic,37.35
2024-01-01,1,Email,46.69
2024-01-01,2,Email,46.69
2024-01-01,3,Email,46.69
2024-01-01,4,Email,46.69
2024-01-01,5,Email,46.69
2024-01-01,6,Email,46.69
2024-01-01,1,Affiliate,236.29
2024-01-01,2,Affiliate,236.29
2024-01-01,3,Affiliate,236.29
2024-01-01,4,Affiliate,236.29
2024-01-01,5,Affiliate,236.29
2024-01-01,6,Affiliate,236.29
2024-01-01,1,Direct,10.23
2024-01-01,2,Direct,10.23
2024-01-01,3,Direct,10.23
2024-01-01,4,Direct,10.23
2024-01-01,5,Direct,10.23
2024-01-01,6,Direct,10.23
2024-02-01,1,Paid Search,712.47
2024-02-01,2,Paid Search,712.47
2024-02-01,3,Paid Search,712.47
2024-02-01,4,Paid Search,712.47
2024-02-01,5,Paid Search,712.47
2024-02-01,6,Paid Search,712.47
2024-02-01,1,Social,485.91
2024-02-01,2,Social,485.91
2024-02-01,3,Social,485.91
2024-02-01,4,Social,485.91
2024-02-01,5,Social,485.91
2024-02-01,6,Social,485.91
2024-02-01,1,Organic,35.1
2024-02-01,2,Organic,35.1
2024-02-01,3,Organic,35.1
2024-02-01,4,Organic,35.1
2024-02-01,5,Organic,35.1
2024-02-01,6,Organic,35.1
2024-02-01,1,Email,81.21
2024-02-01,2,Email,81.21
2024-02-01,3,Email,81.21
2024-02-01,4,Email,81.21
2024-02-01,5,Email,81.21
2024-02-01,6,Email,81.21
2024-02-01,1,Affiliate,242.46
2024-02-01,2,Affiliate,242.46
2024-02-01,3,Affiliate,242.46
2024-02-01,4,Affiliate,242.46
2024-02-01,5,Affiliate,242.46
2024-02-01,6,Affiliate,242.46
2024-02-01,1,Direct,8.33
2024-02-01,2,Direct,8.33
2024-02-01,3,Direct,8.33
2024-02-01,4,Direct,8.33
2024-02-01,5,Direct,8.33
2024-02-01,6,Direct,8.33
2024-03-01,1,Paid Search,872.8
2024-03-01,2,Paid Search,872.8
2024-03-01,3,Paid Search,872.8
2024-03-01,4,Paid Search,872.8
2024-03-01,5,Paid Search,872.8
2024-03-01,6,Paid Search,872.8
2024-03-01,1,Social,532.55
2024-03-01,2,Social,532.55
2024-03-01,3,Social,532.55
2024-03-01,4,Social,532.55
2024-03-01,5,Social,532.55
2024-03-01,6,Social,532.55
2024-03-01,1,Organic,52.63
2024-03-01,2,Organic,52.63
2024-03-01,3,Organic,52.63
2024-03-01,4,Organic,52.63
2024-03-01,5,Organic,52.63
2024-03-01,6,Organic,52.63
2024-03-01,1,Email,58.8
2024-03-01,2,Email,58.8
2024-03-01,3,Email,58.8
2024-03-01,4,Email,58.8
2024-03-01,5,Email,58.8
2024-03-01,6,Email,58.8
2024-03-01,1,Affiliate,198.31
2024-03-01,2,Affiliate,198.31
2024-03-01,3,Affiliate,198.31
2024-03-01,4,Affiliate,198.31
2024-03-01,5,Affiliate,198.31
2024-03-01,6,Affiliate,198.31
2024-03-01,1,Direct,10.88
2024-03-01,2,Direct,10.88
2024-03-01,3,Direct,10.88
2024-03-01,4,Direct,10.88
2024-03-01,5,Direct,10.88
2024-03-01,6,Direct,10.88
2024-04-01,1,Paid Search,955.04
2024-04-01,2,Paid Search,955.04
2024-04-01,3,Paid Search,955.04
2024-04-01,4,Paid Search,955.04
2024-04-01,5,Paid Search,955.04
2024-04-01,6,Paid Search,955.04
2024-04-01,1,Social,493.43
2024-04-01,2,Social,493.43
2024-04-01,3,Social,493.43
2024-04-01,4,Social,493.43
2024-04-01,5,Social,493.43
2024-04-01,6,Social,493.43
2024-04-01,1,Organic,42.8
2024-04-01,2,Organic,42.8
2024-04-01,3,Organic,42.8
2024-04-01,4,Organic,42.8
2024-04-01,5,Organic,42.8
2024-04-01,6,Organic,42.8
2024-04-01,1,Email,79.72
2024-04-01,2,Email,79.72
2024-04-01,3,Email,79.72
2024-04-01,4,Email,79.72
2024-04-01,5,Email,79.72
2024-04-01,6,Email,79.72
2024-04-01,1,Affiliate,273.93
2024-04-01,2,Affiliate,273.93
2024-04-01,3,Affiliate,273.93
2024-04-01,4,Affiliate,273.93
2024-04-01,5,Affiliate,273.93
2024-04-01,6,Affiliate,273.93
2024-04-01,1,Direct,9.39
2024-04-01,2,Direct,9.39
2024-04-01,3,Direct,9.39
2024-04-01,4,Direct,9.39
2024-04-01,5,Direct,9.39
2024-04-01,6,Direct,9.39
2024-05-01,1,Paid Search,1230.88
2024-05-01,2,Paid Search,1230.88
2024-05-01,3,Paid Search,1230.88
2024-05-01,4,Paid Search,1230.88
2024-05-01,5,Paid Search,1230.88
2024-05-01,6,Paid Search,1230.88
2024-05-01,1,Social,465.0
2024-05-01,2,Social,465.0
2024-05-01,3,Social,465.0
2024-05-01,4,Social,465.0
2024-05-01,5,Social,465.0
2024-05-01,6,Social,465.0
2024-05-01,1,Organic,40.44
2024-05-01,2,Organic,40.44
2024-05-01,3,Organic,40.44
2024-05-01,4,Organic,40.44
2024-05-01,5,Organic,40.44
2024-05-01,6,Organic,40.44
2024-05-01,1,Email,66.7
2024-05-01,2,Email,66.7
2024-05-01,3,Email,66.7
2024-05-01,4,Email,66.7
2024-05-01,5,Email,66.7
2024-05-01,6,Email,66.7
2024-05-01,1,Affiliate,265.28
2024-05-01,2,Affiliate,265.28
2024-05-01,3,Affiliate,265.28
2024-05-01,4,Affiliate,265.28
2024-05-01,5,Affiliate,265.28
2024-05-01,6,Affiliate,265.28
2024-05-01,1,Direct,11.95
2024-05-01,2,Direct,11.95
2024-05-01,3,Direct,11.95
2024-05-01,4,Direct,11.95
2024-05-01,5,Direct,11.95
2024-05-01,6,Direct,11.95
2024-06-01,1,Paid Search,1134.66
2024-06-01,2,Paid Search,1134.66
2024-06-01,3,Paid Search,1134.66
2024-06-01,4,Paid Search,1134.66
2024-06-01,5,Paid Search,1134.66
2024-06-01,6,Paid Search,1134.66
2024-06-01,1,Social,689.21
2024-06-01,2,Social,689.21
2024-06-01,3,Social,689.21
2024-06-01,4,Social,689.21
2024-06-01,5,Social,689.21
2024-06-01,6,Social,689.21
2024-06-01,1,Organic,50.41
2024-06-01,2,Organic,50.41
2024-06-01,3,Organic,50.41
2024-06-01,4,Organic,50.41
2024-06-01,5,Organic,50.41
2024-06-01,6,Organic,50.41
2024-06-01,1,Email,84.67
2024-06-01,2,Email,84.67
2024-06-01,3,Email,84.67
2024-06-01,4,Email,84.67
2024-06-01,5,Email,84.67
2024-06-01,6,Email,84.67
2024-06-01,1,Affiliate,298.19
2024-06-01,2,Affiliate,298.19
2024-06-01,3,Affiliate,298.19
2024-06-01,4,Affiliate,298.19
2024-06-01,5,Affiliate,298.19
2024-06-01,6,Affiliate,298.19
2024-06-01,1,Direct,10.98
2024-06-01,2,Direct,10.98
2024-06-01,3,Direct,10.98
2024-06-01,4,Direct,10.98
2024-06-01,5,Direct,10.98
2024-06-01,6,Direct,10.98
2024-07-01,1,Paid Search,1058.77
2024-07-01,2,Paid Search,1058.77
2024-07-01,3,Paid Search,1058.77
2024-07-01,4,Paid Search,1058.77
2024-07-01,5,Paid Search,1058.77
2024-07-01,6,Paid Search,1058.77
2024-07-01,1,Social,752.04
2024-07-01,2,Social,752.04
2024-07-01,3,Social,752.04
2024-07-01,4,Social,752.04
2024-07-01,5,Social,752.04
2024-07-01,6,Social,752.04
2024-07-01,1,Organic,60.9
2024-07-01,2,Organic,60.9
2024-07-01,3,Organic,60.9
2024-07-01,4,Organic,60.9
2024-07-01,5,Organic,60.9
2024-07-01,6,Organic,60.9
2024-07-01,1,Email,90.79
2024-07-01,2,Email,90.79
2024-07-01,3,Email,90.79
2024-07-01,4,Email,90.79
2024-07-01,5,Email,90.79
2024-07-01,6,Email,90.79
2024-07-01,1,Affiliate,302.11
2024-07-01,2,Affiliate,302.11
2024-07-01,3,Affiliate,302.11
2024-07-01,4,Affiliate,302.11
2024-07-01,5,Affiliate,302.11
2024-07-01,6,Affiliate,302.11
2024-07-01,1,Direct,12.05
2024-07-01,2,Direct,12.05
2024-07-01,3,Direct,12.05
2024-07-01,4,Direct,12.05
2024-07-01,5,Direct,12.05
2024-07-01,6,Direct,12.05
2024-08-01,1,Paid Search,1067.6
2024-08-01,2,Paid Search,1067.6
2024-08-01,3,Paid Search,1067.6
2024-08-01,4,Paid Search,1067.6
2024-08-01,5,Paid Search,1067.6
2024-08-01,6,Paid Search,1067.6
2024-08-01,1,Social,644.02
2024-08-01,2,Social,644.02
2024-08-01,3,Social,644.02
2024-08-01,4,Social,644.02
2024-08-01,5,Social,644.02
2024-08-01,6,Social,644.02
2024-08-01,1,Organic,70.62
2024-08-01,2,Organic,70.62
2024-08-01,3,Organic,70.62
2024-08-01,4,Organic,70.62
2024-08-01,5,Organic,70.62
2024-08-01,6,Organic,70.62
2024-08-01,1,Email,101.95
2024-08-01,2,Email,101.95
2024-08-01,3,Email,101.95
2024-08-01,4,Email,101.95
2024-08-01,5,Email,101.95
2024-08-01,6,Email,101.95
2024-08-01,1,Affiliate,199.83
2024-08-01,2,Affiliate,199.83
2024-08-01,3,Affiliate,199.83
2024-08-01,4,Affiliate,199.83
2024-08-01,5,Affiliate,199.83
2024-08-01,6,Affiliate,199.83
2024-08-01,1,Direct,21.6
2024-08-01,2,Direct,21.6
2024-08-01,3,Direct,21.6
2024-08-01,4,Direct,21.6
2024-08-01,5,Direct,21.6
2024-08-01,6,Direct,21.6
2024-09-01,1,Paid Search,1299.88
2024-09-01,2,Paid Search,1299.88
2024-09-01,3,Paid Search,1299.88
2024-09-01,4,Paid Search,1299.88
2024-09-01,5,Paid Search,1299.88
2024-09-01,6,Paid Search,1299.88
2024-09-01,1,Social,658.86
2024-09-01,2,Social,658.86
2024-09-01,3,Social,658.86
2024-09-01,4,Social,658.86
2024-09-01,5,Social,658.86
2024-09-01,6,Social,658.86
2024-09-01,1,Organic,57.73
2024-09-01,2,Organic,57.73
2024-09-01,3,Organic,57.73
2024-09-01,4,Organic,57.73
2024-09-01,5,Organic,57.73
2024-09-01,6,Organic,57.73
2024-09-01,1,Email,57.07
2024-09-01,2,Email,57.07
2024-09-01,3,Email,57.07
2024-09-01,4,Email,57.07
2024-09-01,5,Email,57.07
2024-09-01,6,Email,57.07
2024-09-01,1,Affiliate,358.18
2024-09-01,2,Affiliate,358.18
2024-09-01,3,Affiliate,358.18
2024-09-01,4,Affiliate,358.18
2024-09-01,5,Affiliate,358.18
2024-09-01,6,Affiliate,358.18
2024-09-01,1,Direct,13.48
2024-09-01,2,Direct,13.48
2024-09-01,3,Direct,13.48
2024-09-01,4,Direct,13.48
2024-09-01,5,Direct,13.48
2024-09-01,6,Direct,13.48
2024-10-01,1,Paid Search,1488.88
2024-10-01,2,Paid Search,1488.88
2024-10-01,3,Paid Search,1488.88
2024-10-01,4,Paid Search,1488.88
2024-10-01,5,Paid Search,1488.88
2024-10-01,6,Paid Search,1488.88
2024-10-01,1,Social,798.17
2024-10-01,2,Social,798.17
2024-10-01,3,Social,798.17
2024-10-01,4,Social,798.17
2024-10-01,5,Social,798.17
2024-10-01,6,Social,798.17
2024-10-01,1,Organic,66.51
2024-10-01,2,Organic,66.51
2024-10-01,3,Organic,66.51
2024-10-01,4,Organic,66.51
2024-10-01,5,Organic,66.51
2024-10-01,6,Organic,66.51
2024-10-01,1,Email,102.56
2024-10-01,2,Email,102.56
2024-10-01,3,Email,102.56
2024-10-01,4,Email,102.56
2024-10-01,5,Email,102.56
2024-10-01,6,Email,102.56
2024-10-01,1,Affiliate,475.61
2024-10-01,2,Affiliate,475.61
2024-10-01,3,Affiliate,475.61
2024-10-01,4,Affiliate,475.61
2024-10-01,5,Affiliate,475.61
2024-10-01,6,Affiliate,475.61
2024-10-01,1,Direct,17.11
2024-10-01,2,Direct,17.11
2024-10-01,3,Direct,17.11
2024-10-01,4,Direct,17.11
2024-10-01,5,Direct,17.11
2024-10-01,6,Direct,17.11
2024-11-01,1,Paid Search,1126.66
2024-11-01,2,Paid Search,1126.66
2024-11-01,3,Paid Search,1126.66
2024-11-01,4,Paid Search,1126.66
2024-11-01,5,Paid Search,1126.66
2024-11-01,6,Paid Search,1126.66
2024-11-01,1,Social,810.27
2024-11-01,2,Social,810.27
2024-11-01,3,Social,810.27
2024-11-01,4,Social,810.27
2024-11-01,5,Social,810.27
2024-11-01,6,Social,810.27
2024-11-01,1,Organic,75.25
2024-11-01,2,Organic,75.25
2024-11-01,3,Organic,75.25
2024-11-01,4,Organic,75.25
2024-11-01,5,Organic,75.25
2024-11-01,6,Organic,75.25
2024-11-01,1,Email,97.06
2024-11-01,2,Email,97.06
2024-11-01,3,Email,97.06
2024-11-01,4,Email,97.06
2024-11-01,5,Email,97.06
2024-11-01,6,Email,97.06
2024-11-01,1,Affiliate,365.4
2024-11-01,2,Affiliate,365.4
2024-11-01,3,Affiliate,365.4
2024-11-01,4,Affiliate,365.4
2024-11-01,5,Affiliate,365.4
2024-11-01,6,Affiliate,365.4
2024-11-01,1,Direct,17.45
2024-11-01,2,Direct,17.45
2024-11-01,3,Direct,17.45
2024-11-01,4,Direct,17.45
2024-11-01,5,Direct,17.45
2024-11-01,6,Direct,17.45
2024-12-01,1,Paid Search,1175.79
2024-12-01,2,Paid Search,1175.79
2024-12-01,3,Paid Search,1175.79
2024-12-01,4,Paid Search,1175.79
2024-12-01,5,Paid Search,1175.79
2024-12-01,6,Paid Search,1175.79
2024-12-01,1,Social,699.59
2024-12-01,2,Social,699.59
2024-12-01,3,Social,699.59
2024-12-01,4,Social,699.59
2024-12-01,5,Social,699.59
2024-12-01,6,Social,699.59
2024-12-01,1,Organic,89.78
2024-12-01,2,Organic,89.78
2024-12-01,3,Organic,89.78
2024-12-01,4,Organic,89.78
2024-12-01,5,Organic,89.78
2024-12-01,6,Organic,89.78
2024-12-01,1,Email,126.08
2024-12-01,2,Email,126.08
2024-12-01,3,Email,126.08
2024-12-01,4,Email,126.08
2024-12-01,5,Email,126.08
2024-12-01,6,Email,126.08
2024-12-01,1,Affiliate,417.18
2024-12-01,2,Affiliate,417.18
2024-12-01,3,Affiliate,417.18
2024-12-01,4,Affiliate,417.18
2024-12-01,5,Affiliate,417.18
2024-12-01,6,Affiliate,417.18
2024-12-01,1,Direct,19.03
2024-12-01,2,Direct,19.03
2024-12-01,3,Direct,19.03
2024-12-01,4,Direct,19.03
2024-12-01,5,Direct,19.03
2024-12-01,6,Direct,19.03
2025-01-01,1,Paid Search,1307.88
2025-01-01,2,Paid Search,1307.88
2025-01-01,3,Paid Search,1307.88
2025-01-01,4,Paid Search,1307.88
2025-01-01,5,Paid Search,1307.88
2025-01-01,6,Paid Search,1307.88
2025-01-01,1,Social,740.73
2025-01-01,2,Social,740.73
2025-01-01,3,Social,740.73
2025-01-01,4,Social,740.73
2025-01-01,5,Social,740.73
2025-01-01,6,Social,740.73
2025-01-01,1,Organic,84.02
2025-01-01,2,Organic,84.02
2025-01-01,3,Organic,84.02
2025-01-01,4,Organic,84.02
2025-01-01,5,Organic,84.02
2025-01-01,6,Organic,84.02
2025-01-01,1,Email,121.66
2025-01-01,2,Email,121.66
2025-01-01,3,Email,121.66
2025-01-01,4,Email,121.66
2025-01-01,5,Email,121.66
2025-01-01,6,Email,121.66
2025-01-01,1,Affiliate,517.92
2025-01-01,2,Affiliate,517.92
2025-01-01,3,Affiliate,517.92
2025-01-01,4,Affiliate,517.92
2025-01-01,5,Affiliate,517.92
2025-01-01,6,Affiliate,517.92
2025-01-01,1,Direct,19.66
2025-01-01,2,Direct,19.66
2025-01-01,3,Direct,19.66
2025-01-01,4,Direct,19.66
2025-01-01,5,Direct,19.66
2025-01-01,6,Direct,19.66
2025-02-01,1,Paid Search,1410.44
2025-02-01,2,Paid Search,1410.44
2025-02-01,3,Paid Search,1410.44
2025-02-01,4,Paid Search,1410.44
2025-02-01,5,Paid Search,1410.44
2025-02-01,6,Paid Search,1410.44
2025-02-01,1,Social,939.04
2025-02-01,2,Social,939.04
2025-02-01,3,Social,939.04
2025-02-01,4,Social,939.04
2025-02-01,5,Social,939.04
2025-02-01,6,Social,939.04
2025-02-01,1,Organic,80.78
2025-02-01,2,Organic,80.78
2025-02-01,3,Organic,80.78
2025-02-01,4,Organic,80.78
2025-02-01,5,Organic,80.78
2025-02-01,6,Organic,80.78
2025-02-01,1,Email,113.59
2025-02-01,2,Email,113.59
2025-02-01,3,Email,113.59
2025-02-01,4,Email,113.59
2025-02-01,5,Email,113.59
2025-02-01,6,Email,113.59
2025-02-01,1,Affiliate,487.24
2025-02-01,2,Affiliate,487.24
2025-02-01,3,Affiliate,487.24
2025-02-01,4,Affiliate,487.24
2025-02-01,5,Affiliate,487.24
2025-02-01,6,Affiliate,487.24
2025-02-01,1,Direct,11.98
2025-02-01,2,Direct,11.98
2025-02-01,3,Direct,11.98
2025-02-01,4,Direct,11.98
2025-02-01,5,Direct,11.98
2025-02-01,6,Direct,11.98
2025-03-01,1,Paid Search,1432.65
2025-03-01,2,Paid Search,1432.65
2025-03-01,3,Paid Search,1432.65
2025-03-01,4,Paid Search,1432.65
2025-03-01,5,Paid Search,1432.65
2025-03-01,6,Paid Search,1432.65
2025-03-01,1,Social,878.0
2025-03-01,2,Social,878.0
2025-03-01,3,Social,878.0
2025-03-01,4,Social,878.0
2025-03-01,5,Social,878.0
2025-03-01,6,Social,878.0
2025-03-01,1,Organic,84.87
2025-03-01,2,Organic,84.87
2025-03-01,3,Organic,84.87
2025-03-01,4,Organic,84.87
2025-03-01,5,Organic,84.87
2025-03-01,6,Organic,84.87
2025-03-01,1,Email,122.11
2025-03-01,2,Email,122.11
2025-03-01,3,Email,122.11
2025-03-01,4,Email,122.11
2025-03-01,5,Email,122.11
2025-03-01,6,Email,122.11
2025-03-01,1,Affiliate,275.49
2025-03-01,2,Affiliate,275.49
2025-03-01,3,Affiliate,275.49
2025-03-01,4,Affiliate,275.49
2025-03-01,5,Affiliate,275.49
2025-03-01,6,Affiliate,275.49
2025-03-01,1,Direct,16.51
2025-03-01,2,Direct,16.51
2025-03-01,3,Direct,16.51
2025-03-01,4,Direct,16.51
2025-03-01,5,Direct,16.51
2025-03-01,6,Direct,16.51
2025-04-01,1,Paid Search,1045.0
2025-04-01,2,Paid Search,1045.0
2025-04-01,3,Paid Search,1045.0
2025-04-01,4,Paid Search,1045.0
2025-04-01,5,Paid Search,1045.0
2025-04-01,6,Paid Search,1045.0
2025-04-01,1,Social,686.67
2025-04-01,2,Social,686.67
2025-04-01,3,Social,686.67
2025-04-01,4,Social,686.67
2025-04-01,5,Social,686.67
2025-04-01,6,Social,686.67
2025-04-01,1,Organic,51.88
2025-04-01,2,Organic,51.88
2025-04-01,3,Organic,51.88
2025-04-01,4,Organic,51.88
2025-04-01,5,Organic,51.88
2025-04-01,6,Organic,51.88
2025-04-01,1,Email,82.79
2025-04-01,2,Email,82.79
2025-04-01,3,Email,82.79
2025-04-01,4,Email,82.79
2025-04-01,5,Email,82.79
2025-04-01,6,Email,82.79
2025-04-01,1,Affiliate,283.02
2025-04-01,2,Affiliate,283.02
2025-04-01,3,Affiliate,283.02
2025-04-01,4,Affiliate,283.02
2025-04-01,5,Affiliate,283.02
2025-04-01,6,Affiliate,283.02
2025-04-01,1,Direct,9.17
2025-04-01,2,Direct,9.17
2025-04-01,3,Direct,9.17
2025-04-01,4,Direct,9.17
2025-04-01,5,Direct,9.17
2025-04-01,6,Direct,9.17
2025-05-01,1,Paid Search,990.3
2025-05-01,2,Paid Search,990.3
2025-05-01,3,Paid Search,990.3
2025-05-01,4,Paid Search,990.3
2025-05-01,5,Paid Search,990.3
2025-05-01,6,Paid Search,990.3
2025-05-01,1,Social,636.64
2025-05-01,2,Social,636.64
2025-05-01,3,Social,636.64
2025-05-01,4,Social,636.64
2025-05-01,5,Social,636.64
2025-05-01,6,Social,636.64
2025-05-01,1,Organic,61.28
2025-05-01,2,Organic,61.28
2025-05-01,3,Organic,61.28
2025-05-01,4,Organic,61.28
2025-05-01,5,Organic,61.28
2025-05-01,6,Organic,61.28
2025-05-01,1,Email,77.55
2025-05-01,2,Email,77.55
2025-05-01,3,Email,77.55
2025-05-01,4,Email,77.55
2025-05-01,5,Email,77.55
2025-05-01,6,Email,77.55
2025-05-01,1,Affiliate,219.49
2025-05-01,2,Affiliate,219.49
2025-05-01,3,Affiliate,219.49
2025-05-01,4,Affiliate,219.49
2025-05-01,5,Affiliate,219.49
2025-05-01,6,Affiliate,219.49
2025-05-01,1,Direct,15.03
2025-05-01,2,Direct,15.03
2025-05-01,3,Direct,15.03
2025-05-01,4,Direct,15.03
2025-05-01,5,Direct,15.03
2025-05-01,6,Direct,15.03
2025-06-01,1,Paid Search,1008.68
2025-06-01,2,Paid Search,1008.68
2025-06-01,3,Paid Search,1008.68
2025-06-01,4,Paid Search,1008.68
2025-06-01,5,Paid Search,1008.68
2025-06-01,6,Paid Search,1008.68
2025-06-01,1,Social,479.46
2025-06-01,2,Social,479.46
2025-06-01,3,Social,479.46
2025-06-01,4,Social,479.46
2025-06-01,5,Social,479.46
2025-06-01,6,Social,479.46
2025-06-01,1,Organic,45.41
2025-06-01,2,Organic,45.41
2025-06-01,3,Organic,45.41
2025-06-01,4,Organic,45.41
2025-06-01,5,Organic,45.41
2025-06-01,6,Organic,45.41
2025-06-01,1,Email,55.75
2025-06-01,2,Email,55.75
2025-06-01,3,Email,55.75
2025-06-01,4,Email,55.75
2025-06-01,5,Email,55.75
2025-06-01,6,Email,55.75
2025-06-01,1,Affiliate,158.85
2025-06-01,2,Affiliate,158.85
2025-06-01,3,Affiliate,158.85
2025-06-01,4,Affiliate,158.85
2025-06-01,5,Affiliate,158.85
2025-06-01,6,Affiliate,158.85
2025-06-01,1,Direct,11.71
2025-06-01,2,Direct,11.71
2025-06-01,3,Direct,11.71
2025-06-01,4,Direct,11.71
2025-06-01,5,Direct,11.71
2025-06-01,6,Direct,11.71
2025-07-01,1,Paid Search,680.67
2025-07-01,2,Paid Search,680.67
2025-07-01,3,Paid Search,680.67
2025-07-01,4,Paid Search,680.67
2025-07-01,5,Paid Search,680.67
2025-07-01,6,Paid Search,680.67
2025-07-01,1,Social,488.94
2025-07-01,2,Social,488.94
2025-07-01,3,Social,488.94
2025-07-01,4,Social,488.94
2025-07-01,5,Social,488.94
2025-07-01,6,Social,488.94
2025-07-01,1,Organic,37.35
2025-07-01,2,Organic,37.35
2025-07-01,3,Organic,37.35
2025-07-01,4,Organic,37.35
2025-07-01,5,Organic,37.35
2025-07-01,6,Organic,37.35
2025-07-01,1,Email,46.0
2025-07-01,2,Email,46.0
2025-07-01,3,Email,46.0
2025-07-01,4,Email,46.0
2025-07-01,5,Email,46.0
2025-07-01,6,Email,46.0
2025-07-01,1,Affiliate,235.71
2025-07-01,2,Affiliate,235.71
2025-07-01,3,Affiliate,235.71
2025-07-01,4,Affiliate,235.71
2025-07-01,5,Affiliate,235.71
2025-07-01,6,Affiliate,235.71
2025-07-01,1,Direct,9.01
2025-07-01,2,Direct,9.01
2025-07-01,3,Direct,9.01
2025-07-01,4,Direct,9.01
2025-07-01,5,Direct,9.01
2025-07-01,6,Direct,9.01
2025-08-01,1,Paid Search,702.3
2025-08-01,2,Paid Search,702.3
2025-08-01,3,Paid Search,702.3
2025-08-01,4,Paid Search,702.3
2025-08-01,5,Paid Search,702.3
2025-08-01,6,Paid Search,702.3
2025-08-01,1,Social,354.7
2025-08-01,2,Social,354.7
2025-08-01,3,Social,354.7
2025-08-01,4,Social,354.7
2025-08-01,5,Social,354.7
2025-08-01,6,Social,354.7
2025-08-01,1,Organic,38.95
2025-08-01,2,Organic,38.95
2025-08-01,3,Organic,38.95
2025-08-01,4,Organic,38.95
2025-08-01,5,Organic,38.95
2025-08-01,6,Organic,38.95
2025-08-01,1,Email,44.22
2025-08-01,2,Email,44.22
2025-08-01,3,Email,44.22
2025-08-01,4,Email,44.22
2025-08-01,5,Email,44.22
2025-08-01,6,Email,44.22
2025-08-01,1,Affiliate,112.25
2025-08-01,2,Affiliate,112.25
2025-08-01,3,Affiliate,112.25
2025-08-01,4,Affiliate,112.25
2025-08-01,5,Affiliate,112.25
2025-08-01,6,Affiliate,112.25
2025-08-01,1,Direct,8.33
2025-08-01,2,Direct,8.33
2025-08-01,3,Direct,8.33
2025-08-01,4,Direct,8.33
2025-08-01,5,Direct,8.33
2025-08-01,6,Direct,8.33
2025-09-01,1,Paid Search,474.75
2025-09-01,2,Paid Search,474.75
2025-09-01,3,Paid Search,474.75
2025-09-01,4,Paid Search,474.75
2025-09-01,5,Paid Search,474.75
2025-09-01,6,Paid Search,474.75
2025-09-01,1,Social,286.92
2025-09-01,2,Social,286.92
2025-09-01,3,Social,286.92
2025-09-01,4,Social,286.92
2025-09-01,5,Social,286.92
2025-09-01,6,Social,286.92
2025-09-01,1,Organic,18.84
2025-09-01,2,Organic,18.84
2025-09-01,3,Organic,18.84
2025-09-01,4,Organic,18.84
2025-09-01,5,Organic,18.84
2025-09-01,6,Organic,18.84
2025-09-01,1,Email,49.35
2025-09-01,2,Email,49.35
2025-09-01,3,Email,49.35
2025-09-01,4,Email,49.35
2025-09-01,5,Email,49.35
2025-09-01,6,Email,49.35
2025-09-01,1,Affiliate,133.54
2025-09-01,2,Affiliate,133.54
2025-09-01,3,Affiliate,133.54
2025-09-01,4,Affiliate,133.54
2025-09-01,5,Affiliate,133.54
2025-09-01,6,Affiliate,133.54
2025-09-01,1,Direct,8.33
2025-09-01,2,Direct,8.33
2025-09-01,3,Direct,8.33
2025-09-01,4,Direct,8.33
2025-09-01,5,Direct,8.33
2025-09-01,6,Direct,8.33
2025-10-01,1,Paid Search,383.62
2025-10-01,2,Paid Search,383.62
2025-10-01,3,Paid Search,383.62
2025-10-01,4,Paid Search,383.62
2025-10-01,5,Paid Search,383.62
2025-10-01,6,Paid Search,383.62
2025-10-01,1,Social,163.32
2025-10-01,2,Social,163.32
2025-10-01,3,Social,163.32
2025-10-01,4,Social,163.32
2025-10-01,5,Social,163.32
2025-10-01,6,Social,163.32
2025-10-01,1,Organic,16.06
2025-10-01,2,Organic,16.06
2025-10-01,3,Organic,16.06
2025-10-01,4,Organic,16.06
2025-10-01,5,Organic,16.06
2025-10-01,6,Organic,16.06
2025-10-01,1,Email,31.31
2025-10-01,2,Email,31.31
2025-10-01,3,Email,31.31
2025-10-01,4,Email,31.31
2025-10-01,5,Email,31.31
2025-10-01,6,Email,31.31
2025-10-01,1,Affiliate,108.67
2025-10-01,2,Affiliate,108.67
2025-10-01,3,Affiliate,108.67
2025-10-01,4,Affiliate,108.67
2025-10-01,5,Affiliate,108.67
2025-10-01,6,Affiliate,108.67
2025-10-01,1,Direct,8.33
2025-10-01,2,Direct,8.33
2025-10-01,3,Direct,8.33
2025-10-01,4,Direct,8.33
2025-10-01,5,Direct,8.33
2025-10-01,6,Direct,8.33
2025-11-01,1,Paid Search,231.43
2025-11-01,2,Paid Search,231.43
2025-11-01,3,Paid Search,231.43
2025-11-01,4,Paid Search,231.43
2025-11-01,5,Paid Search,231.43
2025-11-01,6,Paid Search,231.43
2025-11-01,1,Social,89.46
2025-11-01,2,Social,89.46
2025-11-01,3,Social,89.46
2025-11-01,4,Social,89.46
2025-11-01,5,Social,89.46
2025-11-01,6,Social,89.46
2025-11-01,1,Organic,16.72
2025-11-01,2,Organic,16.72
2025-11-01,3,Organic,16.72
2025-11-01,4,Organic,16.72
2025-11-01,5,Organic,16.72
2025-11-01,6,Organic,16.72
2025-11-01,1,Email,18.96
2025-11-01,2,Email,18.96
2025-11-01,3,Email,18.96
2025-11-01,4,Email,18.96
2025-11-01,5,Email,18.96
2025-11-01,6,Email,18.96
2025-11-01,1,Affiliate,51.52
2025-11-01,2,Affiliate,51.52
2025-11-01,3,Affiliate,51.52
2025-11-01,4,Affiliate,51.52
2025-11-01,5,Affiliate,51.52
2025-11-01,6,Affiliate,51.52
2025-11-01,1,Direct,8.33
2025-11-01,2,Direct,8.33
2025-11-01,3,Direct,8.33
2025-11-01,4,Direct,8.33
2025-11-01,5,Direct,8.33
2025-11-01,6,Direct,8.33
2025-12-01,1,Paid Search,102.27
2025-12-01,2,Paid Search,102.27
2025-12-01,3,Paid Search,102.27
2025-12-01,4,Paid Search,102.27
2025-12-01,5,Paid Search,102.27
2025-12-01,6,Paid Search,102.27
2025-12-01,1,Social,51.34
2025-12-01,2,Social,51.34
2025-12-01,3,Social,51.34
2025-12-01,4,Social,51.34
2025-12-01,5,Social,51.34
2025-12-01,6,Social,51.34
2025-12-01,1,Organic,8.33
2025-12-01,2,Organic,8.33
2025-12-01,3,Organic,8.33
2025-12-01,4,Organic,8.33
2025-12-01,5,Organic,8.33
2025-12-01,6,Organic,8.33
2025-12-01,1,Email,8.33
2025-12-01,2,Email,8.33
2025-12-01,3,Email,8.33
2025-12-01,4,Email,8.33
2025-12-01,5,Email,8.33
2025-12-01,6,Email,8.33
2025-12-01,1,Affiliate,53.48
2025-12-01,2,Affiliate,53.48
2025-12-01,3,Affiliate,53.48
2025-12-01,4,Affiliate,53.48
2025-12-01,5,Affiliate,53.48
2025-12-01,6,Affiliate,53.48
2025-12-01,1,Direct,8.33
2025-12-01,2,Direct,8.33
2025-12-01,3,Direct,8.33
2025-12-01,4,Direct,8.33
2025-12-01,5,Direct,8.33
2025-12-01,6,Direct,8.33
