product_id,product_name,category,list_price,unit_cost
1,ELEC-0001,Electronics,702.21,538.83
2,ELEC-0002,Electronics,776.27,571.58
3,ELEC-0003,Electronics,107.41,75.5
4,ELEC-0004,Electronics,691.0,501.44
5,ELEC-0005,Electronics,137.1,105.01
6,ELEC-0006,Electronics,349.45,247.69
7,ELEC-0007,Electronics,588.38,424.38
8,ELEC-0008,Electronics,412.99,327.39
9,ELEC-0009,Electronics,510.26,414.51
10,ELEC-0010,Electronics,749.18,557.54
11,ELEC-0011,Electronics,688.33,535.15
12,ELEC-0012,Electronics,874.36,623.27
13,ELEC-0013,Electronics,706.09,562.5
14,ELEC-0014,Electronics,433.38,353.09
15,ELEC-0015,Electronics,160.0,118.09
16,ELEC-0016,Electronics,676.67,476.31
17,ELEC-0017,Electronics,310.1,240.5
18,ELEC-0018,Electronics,435.86,347.5
19,ELEC-0019,Electronics,138.68,105.8
20,ELEC-0020,Electronics,223.55,165.34
21,ELEC-0021,Electronics,407.51,293.44
22,ELEC-0022,Electronics,637.73,499.03
23,FASH-0023,Fashion,151.82,62.73
24,FASH-0024,Fashion,77.1,38.63
25,FASH-0025,Fashion,126.66,66.65
26,FASH-0026,Fashion,45.58,25.01
27,FASH-0027,Fashion,144.2,63.01
28,FASH-0028,Fashion,130.47,54.44
29,FASH-0029,Fashion,89.1,40.39
30,FASH-0030,Fashion,35.49,18.83
31,FASH-0031,Fashion,124.29,58.41
32,FASH-0032,Fashion,106.96,44.92
33,FASH-0033,Fashion,118.63,54.08
34,FASH-0034,Fashion,105.95,52.8
35,FASH-0035,Fashion,17.18,8.17
36,FASH-0036,Fashion,48.05,23.09
37,FASH-0037,Fashion,155.37,79.27
38,FASH-0038,Fashion,21.79,10.94
39,FASH-0039,Fashion,61.32,26.83
40,FASH-0040,Fashion,105.58,44.0
41,FASH-0041,Fashion,123.6,59.44
42,FASH-0042,Fashion,148.76,77.6
43,FASH-0043,Fashion,15.82,8.46
44,FASH-0044,Fashion,133.36,62.88
45,FASH-0045,Fashion,39.09,18.17
46,FASH-0046,Fashion,37.59,16.22
47,FASH-0047,Fashion,86.95,42.19
48,FASH-0048,Fashion,62.65,27.74
49,FASH-0049,Fashion,72.78,38.94
50,FASH-0050,Fashion,31.82,12.3
51,FASH-0051,Fashion,164.64,70.97
52,FASH-0052,Fashion,56.67,21.83
53,HOME-0053,Home,274.78,155.33
54,HOME-0054,Home,162.78,103.6
55,HOME-0055,Home,42.77,22.91
56,HOME-0056,Home,164.96,106.83
57,HOME-0057,Home,114.03,66.97
58,HOME-0058,Home,70.1,38.06
59,HOME-0059,Home,267.9,151.33
60,HOME-0060,Home,156.91,90.95
61,HOME-0061,Home,208.59,120.15
62,HOME-0062,Home,38.71,23.75
63,HOME-0063,Home,24.15,14.51
64,HOME-0064,Home,122.15,80.24
65,HOME-0065,Home,45.16,26.46
66,HOME-0066,Home,68.0,36.17
67,HOME-0067,Home,207.56,129.62
68,HOME-0068,Home,210.91,142.65
69,HOME-0069,Home,335.91,202.5
70,HOME-0070,Home,276.13,184.11
71,HOME-0071,Home,175.46,105.54
72,HOME-0072,Home,328.86,193.54
73,HOME-0073,Home,170.99,108.97
74,HOME-0074,Home,122.73,73.23
75,HOME-0075,Home,159.23,107.73
76,HOME-0076,Home,290.94,156.12
77,BEAU-0077,Beauty,19.5,7.81
78,BEAU-0078,Beauty,16.9,6.41
79,BEAU-0079,Beauty,31.06,11.84
80,BEAU-0080,Beauty,67.61,24.45
81,BEAU-0081,Beauty,16.83,5.64
82,BEAU-0082,Beauty,26.88,13.26
83,BEAU-0083,Beauty,53.5,23.18
84,BEAU-0084,Beauty,76.04,26.96
85,BEAU-0085,Beauty,34.01,11.17
86,BEAU-0086,Beauty,31.86,12.98
87,BEAU-0087,Beauty,28.99,9.61
88,BEAU-0088,Beauty,21.5,10.58
89,BEAU-0089,Beauty,43.68,14.04
90,BEAU-0090,Beauty,81.12,29.63
91,BEAU-0091,Beauty,81.04,27.49
92,BEAU-0092,Beauty,50.55,22.4
93,BEAU-0093,Beauty,71.31,27.16
94,BEAU-0094,Beauty,38.64,18.66
95,GROC-0095,Grocery,34.37,28.04
96,GROC-0096,Grocery,42.35,34.67
97,GROC-0097,Grocery,8.16,6.05
98,GROC-0098,Grocery,9.44,7.8
99,GROC-0099,Grocery,28.17,20.74
100,GROC-0100,Grocery,11.25,9.11
101,GROC-0101,Grocery,35.65,25.8
102,GROC-0102,Grocery,24.03,19.98
103,GROC-0103,Grocery,3.59,2.94
104,GROC-0104,Grocery,8.54,6.51
105,GROC-0105,Grocery,8.12,6.37
106,GROC-0106,Grocery,32.16,24.91
107,GROC-0107,Grocery,11.39,8.49
108,GROC-0108,Grocery,33.05,24.92
109,GROC-0109,Grocery,8.5,7.09
110,GROC-0110,Grocery,41.96,33.5
111,FITN-0111,Fitness,85.24,49.16
112,FITN-0112,Fitness,175.72,89.03
113,FITN-0113,Fitness,81.61,41.73
114,FITN-0114,Fitness,16.21,9.19
115,FITN-0115,Fitness,168.49,106.84
116,FITN-0116,Fitness,45.08,26.47
117,FITN-0117,Fitness,251.56,141.02
118,FITN-0118,Fitness,243.26,128.77
119,FITN-0119,Fitness,126.85,67.52
120,FITN-0120,Fitness,14.46,9.16
121,FITN-0121,Fitness,217.36,115.3
122,FITN-0122,Fitness,68.16,38.88
123,FITN-0123,Fitness,161.5,83.95
124,FITN-0124,Fitness,160.78,94.56
125,OUTD-0125,Outdoor,159.06,101.18
126,OUTD-0126,Outdoor,265.99,151.58
127,OUTD-0127,Outdoor,189.75,125.77
128,OUTD-0128,Outdoor,106.12,62.41
129,OUTD-0129,Outdoor,329.38,225.36
130,OUTD-0130,Outdoor,40.63,24.82
131,OUTD-0131,Outdoor,71.28,41.08
132,OUTD-0132,Outdoor,134.48,91.23
133,OUTD-0133,Outdoor,369.57,249.52
134,OUTD-0134,Outdoor,124.62,84.36
135,OUTD-0135,Outdoor,59.46,41.43
136,OUTD-0136,Outdoor,36.33,24.48
137,OFFI-0137,Office,16.48,10.5
138,OFFI-0138,Office,151.35,100.63
139,OFFI-0139,Office,73.37,47.64
140,OFFI-0140,Office,193.13,116.04
141,OFFI-0141,Office,14.35,9.97
142,OFFI-0142,Office,55.9,38.3
143,OFFI-0143,Office,127.82,84.58
144,OFFI-0144,Office,15.59,10.41
145,OFFI-0145,Office,117.61,83.01
146,OFFI-0146,Office,184.19,131.28
147,OFFI-0147,Office,203.84,143.94
148,OFFI-0148,Office,186.37,110.63
